ndc11,ingredient,brand,dosage_form,route,strength,labeler_name,rxcui,first_seen,last_seen,ndc_status,label_group,label_verified,label_note,source,is_combination,ingredient_all,product_ndc,marketing_category,application_number,rx_name,package_description,labeler_verified,labeler_source
00173086601,albiglutide,Tanzeum,,,,GlaxoSmithKline LLC,,201801,202003,SDUD_ONLY,diabetes,Y_brand_label_drugsatfda,"classified from labeler code + SDUD product name; confirm labeler code in Drugs@FDA (phase 5); albiglutide (Tanzeum) discontinued, outside the brief's ingredient list, added by instruction | labeler labeler code confirmed: GlaxoSmithKline is the Drugs@FDA sponsor of the brand's application",SDUD_only,FALSE,albiglutide,,,,,,true,labeler code checked against Drugs@FDA sponsor of the brand's application
00173086602,albiglutide,Tanzeum,,,,GlaxoSmithKline LLC,,201807,201809,SDUD_ONLY,diabetes,Y_brand_label_drugsatfda,"classified from labeler code + SDUD product name; confirm labeler code in Drugs@FDA (phase 5); albiglutide (Tanzeum) discontinued, outside the brief's ingredient list, added by instruction | labeler labeler code confirmed: GlaxoSmithKline is the Drugs@FDA sponsor of the brand's application",SDUD_only,FALSE,albiglutide,,,,,,true,labeler code checked against Drugs@FDA sponsor of the brand's application
00173086635,albiglutide,Tanzeum,,,,GlaxoSmithKline LLC,,201801,202006,SDUD_ONLY,diabetes,Y_brand_label_drugsatfda,"classified from labeler code + SDUD product name; confirm labeler code in Drugs@FDA (phase 5); albiglutide (Tanzeum) discontinued, outside the brief's ingredient list, added by instruction | labeler labeler code confirmed: GlaxoSmithKline is the Drugs@FDA sponsor of the brand's application",SDUD_only,FALSE,albiglutide,,,,,,true,labeler code checked against Drugs@FDA sponsor of the brand's application
00173086701,albiglutide,Tanzeum,,,,GlaxoSmithKline LLC,,201801,201812,SDUD_ONLY,diabetes,Y_brand_label_drugsatfda,"classified from labeler code + SDUD product name; confirm labeler code in Drugs@FDA (phase 5); albiglutide (Tanzeum) discontinued, outside the brief's ingredient list, added by instruction | labeler labeler code confirmed: GlaxoSmithKline is the Drugs@FDA sponsor of the brand's application",SDUD_only,FALSE,albiglutide,,,,,,true,labeler code checked against Drugs@FDA sponsor of the brand's application
00173086735,albiglutide,Tanzeum,,,,GlaxoSmithKline LLC,,201801,202006,SDUD_ONLY,diabetes,Y_brand_label_drugsatfda,"classified from labeler code + SDUD product name; confirm labeler code in Drugs@FDA (phase 5); albiglutide (Tanzeum) discontinued, outside the brief's ingredient list, added by instruction | labeler labeler code confirmed: GlaxoSmithKline is the Drugs@FDA sponsor of the brand's application",SDUD_only,FALSE,albiglutide,,,,,,true,labeler code checked against Drugs@FDA sponsor of the brand's application
00002143301,dulaglutide,Trulicity,"INJECTION, SOLUTION",SUBCUTANEOUS,.75 mg/.5mL,Eli Lilly and Company,1551300,201411,202609,ACTIVE,diabetes,Y_product_label,openFDA label by product NDC; Eli Lilly and Company; label effective 20260616; set_id 463050bd-2b1c-40f5-b3c3-0a04bb433309; classified from indications text,RXNORM+FDA_PRODUCT_9DIGIT,FALSE,dulaglutide,0002-1433,BLA,BLA125469,0.5 ML dulaglutide 1.5 MG/ML Auto-Injector [Trulicity],,true,FDA NDC directory product record / labeler-code lookup
00002143361,dulaglutide,Trulicity,"INJECTION, SOLUTION",SUBCUTANEOUS,.75 mg/.5mL,Eli Lilly and Company,1551300,201411,202609,ACTIVE,diabetes,Y_product_label,openFDA label by product NDC; Eli Lilly and Company; label effective 20260616; set_id 463050bd-2b1c-40f5-b3c3-0a04bb433309; classified from indications text,RXNORM+FDA_PRODUCT_9DIGIT,FALSE,dulaglutide,0002-1433,BLA,BLA125469,0.5 ML dulaglutide 1.5 MG/ML Auto-Injector [Trulicity],,true,FDA NDC directory product record / labeler-code lookup
00002143380,dulaglutide,Trulicity,"INJECTION, SOLUTION",SUBCUTANEOUS,.75 mg/.5mL,Eli Lilly and Company,1551300,201411,202609,ACTIVE,diabetes,Y_product_label,openFDA label by product NDC; Eli Lilly and Company; label effective 20260616; set_id 463050bd-2b1c-40f5-b3c3-0a04bb433309; classified from indications text,FDA_NDC_DIRECTORY+RXNORM,FALSE,dulaglutide,0002-1433,BLA,BLA125469,0.5 ML dulaglutide 1.5 MG/ML Auto-Injector [Trulicity],4 SYRINGE in 1 CARTON (0002-1433-80)  / .5 mL in 1 SYRINGE (0002-1433-01) ,true,FDA NDC directory product record / labeler-code lookup
00002143401,dulaglutide,Trulicity,"INJECTION, SOLUTION",SUBCUTANEOUS,1.5 mg/.5mL,Eli Lilly and Company,1551306,201411,202609,ACTIVE,diabetes,Y_product_label,openFDA label by product NDC; Eli Lilly and Company; label effective 20260616; set_id 463050bd-2b1c-40f5-b3c3-0a04bb433309; classified from indications text,RXNORM+FDA_PRODUCT_9DIGIT,FALSE,dulaglutide,0002-1434,BLA,BLA125469,0.5 ML dulaglutide 3 MG/ML Auto-Injector [Trulicity],,true,FDA NDC directory product record / labeler-code lookup
00002143461,dulaglutide,Trulicity,"INJECTION, SOLUTION",SUBCUTANEOUS,1.5 mg/.5mL,Eli Lilly and Company,1551306,201411,202609,ACTIVE,diabetes,Y_product_label,openFDA label by product NDC; Eli Lilly and Company; label effective 20260616; set_id 463050bd-2b1c-40f5-b3c3-0a04bb433309; classified from indications text,RXNORM+FDA_PRODUCT_9DIGIT,FALSE,dulaglutide,0002-1434,BLA,BLA125469,0.5 ML dulaglutide 3 MG/ML Auto-Injector [Trulicity],,true,FDA NDC directory product record / labeler-code lookup
00002143480,dulaglutide,Trulicity,"INJECTION, SOLUTION",SUBCUTANEOUS,1.5 mg/.5mL,Eli Lilly and Company,1551306,201411,202609,ACTIVE,diabetes,Y_product_label,openFDA label by product NDC; Eli Lilly and Company; label effective 20260616; set_id 463050bd-2b1c-40f5-b3c3-0a04bb433309; classified from indications text,FDA_NDC_DIRECTORY+RXNORM,FALSE,dulaglutide,0002-1434,BLA,BLA125469,0.5 ML dulaglutide 3 MG/ML Auto-Injector [Trulicity],4 SYRINGE in 1 CARTON (0002-1434-80)  / .5 mL in 1 SYRINGE (0002-1434-01) ,true,FDA NDC directory product record / labeler-code lookup
00002223601,dulaglutide,Trulicity,"INJECTION, SOLUTION",SUBCUTANEOUS,3 mg/.5mL,Eli Lilly and Company,2395779,202010,202609,ACTIVE,diabetes,Y_product_label,openFDA label by product NDC; Eli Lilly and Company; label effective 20260616; set_id 463050bd-2b1c-40f5-b3c3-0a04bb433309; classified from indications text,RXNORM+FDA_PRODUCT_9DIGIT,FALSE,dulaglutide,0002-2236,BLA,BLA125469,0.5 ML dulaglutide 6 MG/ML Auto-Injector [Trulicity],,true,FDA NDC directory product record / labeler-code lookup
00002223661,dulaglutide,Trulicity,"INJECTION, SOLUTION",SUBCUTANEOUS,3 mg/.5mL,Eli Lilly and Company,2395779,202103,202609,ACTIVE,diabetes,Y_product_label,openFDA label by product NDC; Eli Lilly and Company; label effective 20260616; set_id 463050bd-2b1c-40f5-b3c3-0a04bb433309; classified from indications text,RXNORM+FDA_PRODUCT_9DIGIT,FALSE,dulaglutide,0002-2236,BLA,BLA125469,0.5 ML dulaglutide 6 MG/ML Auto-Injector [Trulicity],,true,FDA NDC directory product record / labeler-code lookup
00002223680,dulaglutide,Trulicity,"INJECTION, SOLUTION",SUBCUTANEOUS,3 mg/.5mL,Eli Lilly and Company,2395779,202010,202609,ACTIVE,diabetes,Y_product_label,openFDA label by product NDC; Eli Lilly and Company; label effective 20260616; set_id 463050bd-2b1c-40f5-b3c3-0a04bb433309; classified from indications text,FDA_NDC_DIRECTORY+RXNORM,FALSE,dulaglutide,0002-2236,BLA,BLA125469,0.5 ML dulaglutide 6 MG/ML Auto-Injector [Trulicity],4 SYRINGE in 1 CARTON (0002-2236-80)  / .5 mL in 1 SYRINGE (0002-2236-01) ,true,FDA NDC directory product record / labeler-code lookup
00002318201,dulaglutide,Trulicity,"INJECTION, SOLUTION",SUBCUTANEOUS,4.5 mg/.5mL,Eli Lilly and Company,2395785,202010,202609,ACTIVE,diabetes,Y_product_label,openFDA label by product NDC; Eli Lilly and Company; label effective 20260616; set_id 463050bd-2b1c-40f5-b3c3-0a04bb433309; classified from indications text,RXNORM+FDA_PRODUCT_9DIGIT,FALSE,dulaglutide,0002-3182,BLA,BLA125469,0.5 ML dulaglutide 9 MG/ML Auto-Injector [Trulicity],,true,FDA NDC directory product record / labeler-code lookup
00002318261,dulaglutide,Trulicity,"INJECTION, SOLUTION",SUBCUTANEOUS,4.5 mg/.5mL,Eli Lilly and Company,2395785,202103,202609,ACTIVE,diabetes,Y_product_label,openFDA label by product NDC; Eli Lilly and Company; label effective 20260616; set_id 463050bd-2b1c-40f5-b3c3-0a04bb433309; classified from indications text,RXNORM+FDA_PRODUCT_9DIGIT,FALSE,dulaglutide,0002-3182,BLA,BLA125469,0.5 ML dulaglutide 9 MG/ML Auto-Injector [Trulicity],,true,FDA NDC directory product record / labeler-code lookup
00002318280,dulaglutide,Trulicity,"INJECTION, SOLUTION",SUBCUTANEOUS,4.5 mg/.5mL,Eli Lilly and Company,2395785,202010,202609,ACTIVE,diabetes,Y_product_label,openFDA label by product NDC; Eli Lilly and Company; label effective 20260616; set_id 463050bd-2b1c-40f5-b3c3-0a04bb433309; classified from indications text,FDA_NDC_DIRECTORY+RXNORM,FALSE,dulaglutide,0002-3182,BLA,BLA125469,0.5 ML dulaglutide 9 MG/ML Auto-Injector [Trulicity],4 SYRINGE in 1 CARTON (0002-3182-80)  / .5 mL in 1 SYRINGE (0002-3182-01) ,true,FDA NDC directory product record / labeler-code lookup
50090348300,dulaglutide,Trulicity,"INJECTION, SOLUTION",SUBCUTANEOUS,1.5 mg/.5mL,A-S Medication Solutions,1551306,201807,202609,ACTIVE,diabetes,Y_product_label,openFDA label by product NDC; A-S Medication Solutions; label effective 20231212; set_id 58353438-3236-4596-9324-62fed9615cb7; classified from indications text,FDA_NDC_DIRECTORY+RXNORM,FALSE,dulaglutide,50090-3483,BLA,BLA125469,0.5 ML dulaglutide 3 MG/ML Auto-Injector [Trulicity],4 SYRINGE in 1 CARTON (50090-3483-0)  / .5 mL in 1 SYRINGE,true,FDA NDC directory product record / labeler-code lookup
50090348400,dulaglutide,Trulicity,"INJECTION, SOLUTION",SUBCUTANEOUS,.75 mg/.5mL,A-S Medication Solutions,1551300,201807,202609,ACTIVE,diabetes,Y_product_label,openFDA label by product NDC; A-S Medication Solutions; label effective 20231212; set_id 58353438-3236-4596-9324-62fed9615cb7; classified from indications text,FDA_NDC_DIRECTORY+RXNORM,FALSE,dulaglutide,50090-3484,BLA,BLA125469,0.5 ML dulaglutide 1.5 MG/ML Auto-Injector [Trulicity],4 SYRINGE in 1 CARTON (50090-3484-0)  / .5 mL in 1 SYRINGE,true,FDA NDC directory product record / labeler-code lookup
50090546700,dulaglutide,Trulicity,"INJECTION, SOLUTION",SUBCUTANEOUS,3 mg/.5mL,A-S Medication Solutions,2395779,202104,202609,ACTIVE,diabetes,Y_product_label,openFDA label by product NDC; A-S Medication Solutions; label effective 20231209; set_id 6088c732-afa1-4fee-9206-22e52baf4731; classified from indications text,FDA_NDC_DIRECTORY+RXNORM,FALSE,dulaglutide,50090-5467,BLA,BLA125469,0.5 ML dulaglutide 6 MG/ML Auto-Injector [Trulicity],4 SYRINGE in 1 CARTON (50090-5467-0)  / .5 mL in 1 SYRINGE,true,FDA NDC directory product record / labeler-code lookup
50090645300,dulaglutide,Trulicity,"INJECTION, SOLUTION",SUBCUTANEOUS,.75 mg/.5mL,A-S Medication Solutions,1551300,202306,202609,ACTIVE,diabetes,Y_product_label,openFDA label by product NDC; A-S Medication Solutions; label effective 20230503; set_id a923e467-fea3-431c-b7e4-c9669af607b7; classified from indications text,FDA_NDC_DIRECTORY+RXNORM,FALSE,dulaglutide,50090-6453,BLA,BLA125469,0.5 ML dulaglutide 1.5 MG/ML Auto-Injector [Trulicity],4 SYRINGE in 1 CARTON (50090-6453-0)  / .5 mL in 1 SYRINGE,true,FDA NDC directory product record / labeler-code lookup
50090645600,dulaglutide,Trulicity,"INJECTION, SOLUTION",SUBCUTANEOUS,1.5 mg/.5mL,A-S Medication Solutions,1551306,202306,202609,ACTIVE,diabetes,Y_product_label,openFDA label by product NDC; A-S Medication Solutions; label effective 20230503; set_id 80d1e766-fefc-44b4-bec9-c7b0198ec08f; classified from indications text,FDA_NDC_DIRECTORY+RXNORM,FALSE,dulaglutide,50090-6456,BLA,BLA125469,0.5 ML dulaglutide 3 MG/ML Auto-Injector [Trulicity],4 SYRINGE in 1 CARTON (50090-6456-0)  / .5 mL in 1 SYRINGE,true,FDA NDC directory product record / labeler-code lookup
50090657100,dulaglutide,Trulicity,"INJECTION, SOLUTION",SUBCUTANEOUS,3 mg/.5mL,A-S Medication Solutions,2395779,202309,202609,ACTIVE,diabetes,Y_product_label,openFDA label by product NDC; A-S Medication Solutions; label effective 20230805; set_id 0a4716d0-9c9c-4bc3-a8f1-6784599aae89; classified from indications text,FDA_NDC_DIRECTORY+RXNORM,FALSE,dulaglutide,50090-6571,BLA,BLA125469,0.5 ML dulaglutide 6 MG/ML Auto-Injector [Trulicity],4 SYRINGE in 1 CARTON (50090-6571-0)  / .5 mL in 1 SYRINGE,true,FDA NDC directory product record / labeler-code lookup
50090758900,dulaglutide,Trulicity,"INJECTION, SOLUTION",SUBCUTANEOUS,4.5 mg/.5mL,A-S Medication Solutions,2395785,202508,202609,ACTIVE,diabetes,Y_product_label,openFDA label by product NDC; A-S Medication Solutions; label effective 20250703; set_id af4e38a6-ad3f-480c-ae82-5ac6c7735b99; classified from indications text,FDA_NDC_DIRECTORY+RXNORM,FALSE,dulaglutide,50090-7589,BLA,BLA125469,0.5 ML dulaglutide 9 MG/ML Auto-Injector [Trulicity],4 SYRINGE in 1 CARTON (50090-7589-0)  / .5 mL in 1 SYRINGE,true,FDA NDC directory product record / labeler-code lookup
54568043363,dulaglutide,Trulicity,Auto-Injector,SUBCUTANEOUS,1.5 MG/ML,Eli Lilly Italia SPA,1551300,201711,201801,OBSOLETE,diabetes,Y_brand_label,no openFDA label for this product NDC; group inherited from same-brand labelled products,RXNORM_ONLY,FALSE,dulaglutide,,,,0.5 ML dulaglutide 1.5 MG/ML Auto-Injector [Trulicity],,true,FDA NDC unfinished products file: labeler code 54568 = Eli Lilly Italia SPA
54568043371,dulaglutide,Trulicity,Auto-Injector,SUBCUTANEOUS,1.5 MG/ML,Eli Lilly Italia SPA,1551300,201711,201801,OBSOLETE,diabetes,Y_brand_label,no openFDA label for this product NDC; group inherited from same-brand labelled products,RXNORM_ONLY,FALSE,dulaglutide,,,,0.5 ML dulaglutide 1.5 MG/ML Auto-Injector [Trulicity],,true,FDA NDC unfinished products file: labeler code 54568 = Eli Lilly Italia SPA
54568043463,dulaglutide,Trulicity,Auto-Injector,SUBCUTANEOUS,3 MG/ML,Eli Lilly Italia SPA,1551306,201711,201801,OBSOLETE,diabetes,Y_brand_label,no openFDA label for this product NDC; group inherited from same-brand labelled products,RXNORM_ONLY,FALSE,dulaglutide,,,,0.5 ML dulaglutide 3 MG/ML Auto-Injector [Trulicity],,true,FDA NDC unfinished products file: labeler code 54568 = Eli Lilly Italia SPA
54568043471,dulaglutide,Trulicity,Auto-Injector,SUBCUTANEOUS,3 MG/ML,Eli Lilly Italia SPA,1551306,201711,201801,OBSOLETE,diabetes,Y_brand_label,no openFDA label for this product NDC; group inherited from same-brand labelled products,RXNORM_ONLY,FALSE,dulaglutide,,,,0.5 ML dulaglutide 3 MG/ML Auto-Injector [Trulicity],,true,FDA NDC unfinished products file: labeler code 54568 = Eli Lilly Italia SPA
00310652004,exenatide,Bydureon,,,,AstraZeneca Pharmaceuticals LP,,201801,202209,SDUD_ONLY,diabetes,Y_brand_label_drugsatfda,classified from labeler code + SDUD product name; confirm labeler code in Drugs@FDA (phase 5) | labeler labeler code confirmed: AstraZeneca is the Drugs@FDA sponsor of the brand's application,SDUD_only,FALSE,exenatide,,,,,,true,labeler code checked against Drugs@FDA sponsor of the brand's application
00310653001,exenatide,Bydureon,,,,AstraZeneca Pharmaceuticals LP,,201907,202212,SDUD_ONLY,diabetes,Y_brand_label_drugsatfda,classified from labeler code + SDUD product name; confirm labeler code in Drugs@FDA (phase 5) | labeler labeler code confirmed: AstraZeneca is the Drugs@FDA sponsor of the brand's application,SDUD_only,FALSE,exenatide,,,,,,true,labeler code checked against Drugs@FDA sponsor of the brand's application
00310653004,exenatide,Bydureon,,,,AstraZeneca Pharmaceuticals LP,,201801,202312,SDUD_ONLY,diabetes,Y_brand_label_drugsatfda,classified from labeler code + SDUD product name; confirm labeler code in Drugs@FDA (phase 5) | labeler labeler code confirmed: AstraZeneca is the Drugs@FDA sponsor of the brand's application,SDUD_only,FALSE,exenatide,,,,,,true,labeler code checked against Drugs@FDA sponsor of the brand's application
00310654001,exenatide,Bydureon,Auto-Injector,SUBCUTANEOUS,2.35 MG/ML,AstraZeneca Pharmaceuticals LP,1990869,201801,202609,ACTIVE,diabetes,Y_drugsatfda_label,"VERIFIED from Drugs@FDA labels (Bydureon NDA 022200 and Bydureon BCise NDA 209210, both 2025-06-02): indicated to improve glycemic control in type 2 diabetes only",RXNORM_ONLY,FALSE,exenatide,,,,0.85 ML exenatide 2.35 MG/ML Auto-Injector [Bydureon],,true,FDA NDC directory product record / labeler-code lookup
00310654004,exenatide,Bydureon,Auto-Injector,SUBCUTANEOUS,2.35 MG/ML,AstraZeneca Pharmaceuticals LP,1990869,201801,202609,ACTIVE,diabetes,Y_drugsatfda_label,"VERIFIED from Drugs@FDA labels (Bydureon NDA 022200 and Bydureon BCise NDA 209210, both 2025-06-02): indicated to improve glycemic control in type 2 diabetes only",RXNORM_ONLY,FALSE,exenatide,,,,0.85 ML exenatide 2.35 MG/ML Auto-Injector [Bydureon],,true,FDA NDC directory product record / labeler-code lookup
00310654085,exenatide,Bydureon,Auto-Injector,SUBCUTANEOUS,2.35 MG/ML,AstraZeneca Pharmaceuticals LP,1990869,201801,202609,ACTIVE,diabetes,Y_drugsatfda_label,"VERIFIED from Drugs@FDA labels (Bydureon NDA 022200 and Bydureon BCise NDA 209210, both 2025-06-02): indicated to improve glycemic control in type 2 diabetes only",RXNORM_ONLY,FALSE,exenatide,,,,0.85 ML exenatide 2.35 MG/ML Auto-Injector [Bydureon],,true,FDA NDC directory product record / labeler-code lookup
66780021904,exenatide,Bydureon,,,,"Amylin Pharmaceuticals, LLC",,201801,202006,SDUD_ONLY,diabetes,Y_brand_label_drugsatfda,"classified from labeler code + SDUD product name; confirm labeler code in Drugs@FDA (phase 5); labeler code not in FDA directory | labeler labeler code NOT confirmable: Drugs@FDA lists sponsors, not NDC labeler codes (66780 is not in the FDA directory)",SDUD_only,FALSE,exenatide,,,,,,true,"FDA NDC excluded products file names labeler code 66780 = 'Amylin Pharmaceuticals, LLC' (Byetta 66780-210, Symlin); RxNav: NDC 66780021904 = exenatide 2 MG Injection [Bydureon], OBSOLETE"
00002021007,exenatide,Byetta,Pen Injector,SUBCUTANEOUS,0.005 MG,Eli Lilly and Company,847917,200905,201011,OBSOLETE,diabetes,Y_brand_label,no openFDA label for this product NDC; group inherited from same-brand labelled products,RXNORM_ONLY,FALSE,exenatide,,,,60 ACTUAT exenatide 0.005 MG/ACTUAT Pen Injector [Byetta],,true,FDA NDC directory product record / labeler-code lookup
00002021008,exenatide,Byetta,Pen Injector,SUBCUTANEOUS,0.01 MG,Eli Lilly and Company,847913,200905,201011,OBSOLETE,diabetes,Y_brand_label,no openFDA label for this product NDC; group inherited from same-brand labelled products,RXNORM_ONLY,FALSE,exenatide,,,,60 ACTUAT exenatide 0.01 MG/ACTUAT Pen Injector [Byetta],,true,FDA NDC directory product record / labeler-code lookup
00002021009,exenatide,Byetta,Pen Injector,SUBCUTANEOUS,0.005 MG,Eli Lilly and Company,847917,200905,201011,OBSOLETE,diabetes,Y_brand_label,no openFDA label for this product NDC; group inherited from same-brand labelled products,RXNORM_ONLY,FALSE,exenatide,,,,60 ACTUAT exenatide 0.005 MG/ACTUAT Pen Injector [Byetta],,true,FDA NDC directory product record / labeler-code lookup
00310651201,exenatide,Byetta,INJECTION,SUBCUTANEOUS,250 ug/mL,AstraZeneca Pharmaceuticals LP,847917,201501,202609,ACTIVE,diabetes,Y_product_label,openFDA label by product NDC; AstraZeneca Pharmaceuticals LP; label effective 20250902; set_id 53d03c03-ebf7-418d-88a8-533eabd2ee4f; classified from indications text,FDA_NDC_DIRECTORY+RXNORM,FALSE,exenatide,0310-6512,NDA,NDA021773,60 ACTUAT exenatide 0.005 MG/ACTUAT Pen Injector [Byetta],1 CARTRIDGE in 1 CARTON (0310-6512-01)  / 1.2 mL in 1 CARTRIDGE,true,FDA NDC directory product record / labeler-code lookup
00310651285,exenatide,Byetta,INJECTION,SUBCUTANEOUS,250 ug/mL,AstraZeneca Pharmaceuticals LP,847917,201805,202004,OBSOLETE,diabetes,Y_product_label,openFDA label by product NDC; AstraZeneca Pharmaceuticals LP; label effective 20250902; set_id 53d03c03-ebf7-418d-88a8-533eabd2ee4f; classified from indications text,RXNORM+FDA_PRODUCT_9DIGIT,FALSE,exenatide,0310-6512,NDA,NDA021773,60 ACTUAT exenatide 0.005 MG/ACTUAT Pen Injector [Byetta],,true,FDA NDC directory product record / labeler-code lookup
00310652401,exenatide,Byetta,INJECTION,SUBCUTANEOUS,250 ug/mL,AstraZeneca Pharmaceuticals LP,847913,201501,202609,ACTIVE,diabetes,Y_product_label,openFDA label by product NDC; AstraZeneca Pharmaceuticals LP; label effective 20250902; set_id 53d03c03-ebf7-418d-88a8-533eabd2ee4f; classified from indications text,FDA_NDC_DIRECTORY+RXNORM,FALSE,exenatide,0310-6524,NDA,NDA021773,60 ACTUAT exenatide 0.01 MG/ACTUAT Pen Injector [Byetta],1 CARTRIDGE in 1 CARTON (0310-6524-01)  / 2.4 mL in 1 CARTRIDGE,true,FDA NDC directory product record / labeler-code lookup
54868538400,exenatide,Byetta,Pen Injector,SUBCUTANEOUS,0.005 MG,"Physicians Total Care, inc.",847917,200905,201907,OBSOLETE,diabetes,Y_brand_label,no openFDA label for this product NDC; group inherited from same-brand labelled products,RXNORM_ONLY,FALSE,exenatide,,,,60 ACTUAT exenatide 0.005 MG/ACTUAT Pen Injector [Byetta],,true,FDA NDC directory product record / labeler-code lookup
54868538401,exenatide,Byetta,Pen Injector,SUBCUTANEOUS,0.01 MG,"Physicians Total Care, inc.",847913,200905,201907,OBSOLETE,diabetes,Y_brand_label,no openFDA label for this product NDC; group inherited from same-brand labelled products,RXNORM_ONLY,FALSE,exenatide,,,,60 ACTUAT exenatide 0.01 MG/ACTUAT Pen Injector [Byetta],,true,FDA NDC directory product record / labeler-code lookup
54868538402,exenatide,Byetta,Pen Injector,SUBCUTANEOUS,0.005 MG,"Physicians Total Care, inc.",847917,201004,201212,OBSOLETE,diabetes,Y_brand_label,no openFDA label for this product NDC; group inherited from same-brand labelled products,RXNORM_ONLY,FALSE,exenatide,,,,60 ACTUAT exenatide 0.005 MG/ACTUAT Pen Injector [Byetta],,true,FDA NDC directory product record / labeler-code lookup
66029021007,exenatide,Byetta,Pen Injector,SUBCUTANEOUS,0.005 MG,,847917,200905,201206,OBSOLETE,diabetes,Y_brand_label,no openFDA label for this product NDC; group inherited from same-brand labelled products,RXNORM_ONLY,FALSE,exenatide,,,,60 ACTUAT exenatide 0.005 MG/ACTUAT Pen Injector [Byetta],,false,no FDA NDC file or Drugs@FDA/RxNav source names this labeler
66029021008,exenatide,Byetta,Pen Injector,SUBCUTANEOUS,0.01 MG,,847913,200905,201206,OBSOLETE,diabetes,Y_brand_label,no openFDA label for this product NDC; group inherited from same-brand labelled products,RXNORM_ONLY,FALSE,exenatide,,,,60 ACTUAT exenatide 0.01 MG/ACTUAT Pen Injector [Byetta],,false,no FDA NDC file or Drugs@FDA/RxNav source names this labeler
66780021007,exenatide,Byetta,Pen Injector,SUBCUTANEOUS,0.005 MG,"Amylin Pharmaceuticals, LLC",847917,200905,201712,OBSOLETE,diabetes,Y_brand_label,no openFDA label for this product NDC; group inherited from same-brand labelled products,RXNORM_ONLY,FALSE,exenatide,,,,60 ACTUAT exenatide 0.005 MG/ACTUAT Pen Injector [Byetta],,true,"FDA NDC excluded products file names labeler code 66780 = 'Amylin Pharmaceuticals, LLC' (Byetta 66780-210, Symlin); RxNav: NDC 66780021904 = exenatide 2 MG Injection [Bydureon], OBSOLETE"
66780021008,exenatide,Byetta,Pen Injector,SUBCUTANEOUS,0.01 MG,"Amylin Pharmaceuticals, LLC",847913,200905,201212,OBSOLETE,diabetes,Y_brand_label,no openFDA label for this product NDC; group inherited from same-brand labelled products,RXNORM_ONLY,FALSE,exenatide,,,,60 ACTUAT exenatide 0.01 MG/ACTUAT Pen Injector [Byetta],,true,"FDA NDC excluded products file names labeler code 66780 = 'Amylin Pharmaceuticals, LLC' (Byetta 66780-210, Symlin); RxNav: NDC 66780021904 = exenatide 2 MG Injection [Bydureon], OBSOLETE"
66780021009,exenatide,Byetta,Pen Injector,SUBCUTANEOUS,0.005 MG,"Amylin Pharmaceuticals, LLC",847917,200905,201605,OBSOLETE,diabetes,Y_brand_label,no openFDA label for this product NDC; group inherited from same-brand labelled products,RXNORM_ONLY,FALSE,exenatide,,,,60 ACTUAT exenatide 0.005 MG/ACTUAT Pen Injector [Byetta],,true,"FDA NDC excluded products file names labeler code 66780 = 'Amylin Pharmaceuticals, LLC' (Byetta 66780-210, Symlin); RxNav: NDC 66780021904 = exenatide 2 MG Injection [Bydureon], OBSOLETE"
66780021201,exenatide,Byetta,Pen Injector,SUBCUTANEOUS,0.01 MG,"Amylin Pharmaceuticals, LLC",847913,200912,201712,OBSOLETE,diabetes,Y_brand_label,no openFDA label for this product NDC; group inherited from same-brand labelled products,RXNORM_ONLY,FALSE,exenatide,,,,60 ACTUAT exenatide 0.01 MG/ACTUAT Pen Injector [Byetta],,true,"FDA NDC excluded products file names labeler code 66780 = 'Amylin Pharmaceuticals, LLC' (Byetta 66780-210, Symlin); RxNav: NDC 66780021904 = exenatide 2 MG Injection [Bydureon], OBSOLETE"
66914103504,exenatide,Byetta,Pen Injector,SUBCUTANEOUS,0.005 MG,,847917,200905,201206,OBSOLETE,diabetes,Y_brand_label,no openFDA label for this product NDC; group inherited from same-brand labelled products,RXNORM_ONLY,FALSE,exenatide,,,,60 ACTUAT exenatide 0.005 MG/ACTUAT Pen Injector [Byetta],,false,no FDA NDC file or Drugs@FDA/RxNav source names this labeler
66914103505,exenatide,Byetta,Pen Injector,SUBCUTANEOUS,0.01 MG,,847913,200905,201206,OBSOLETE,diabetes,Y_brand_label,no openFDA label for this product NDC; group inherited from same-brand labelled products,RXNORM_ONLY,FALSE,exenatide,,,,60 ACTUAT exenatide 0.01 MG/ACTUAT Pen Injector [Byetta],,false,no FDA NDC file or Drugs@FDA/RxNav source names this labeler
68258894701,exenatide,Byetta,Pen Injector,SUBCUTANEOUS,0.005 MG,"Dispensing Solutions, Inc.",847917,201206,201409,OBSOLETE,diabetes,Y_brand_label,no openFDA label for this product NDC; group inherited from same-brand labelled products,RXNORM_ONLY,FALSE,exenatide,,,,60 ACTUAT exenatide 0.005 MG/ACTUAT Pen Injector [Byetta],,true,FDA NDC directory product record / labeler-code lookup
68258894802,exenatide,Byetta,Pen Injector,SUBCUTANEOUS,0.01 MG,"Dispensing Solutions, Inc.",847913,201206,201409,OBSOLETE,diabetes,Y_brand_label,no openFDA label for this product NDC; group inherited from same-brand labelled products,RXNORM_ONLY,FALSE,exenatide,,,,60 ACTUAT exenatide 0.01 MG/ACTUAT Pen Injector [Byetta],,true,FDA NDC directory product record / labeler-code lookup
70121168501,exenatide,,INJECTION,SUBCUTANEOUS,250 ug/mL,Amneal Pharmaceuticals LLC,847915,202501,202609,ACTIVE,diabetes,Y_product_label,openFDA label by product NDC; Amneal Pharmaceuticals LLC; label effective 20260527; set_id e6cb5c8f-e97f-4a6a-95a4-939fd2393949; classified from indications text,FDA_NDC_DIRECTORY+RXNORM,FALSE,exenatide,70121-1685,ANDA,ANDA206697,60 ACTUAT exenatide 0.005 MG/ACTUAT Pen Injector,1 CARTRIDGE in 1 CARTON (70121-1685-1)  / 1.2 mL in 1 CARTRIDGE,true,FDA NDC directory product record / labeler-code lookup
70121168601,exenatide,,INJECTION,SUBCUTANEOUS,250 ug/mL,Amneal Pharmaceuticals LLC,847910,202501,202609,ACTIVE,diabetes,Y_product_label,openFDA label by product NDC; Amneal Pharmaceuticals LLC; label effective 20260527; set_id e6cb5c8f-e97f-4a6a-95a4-939fd2393949; classified from indications text,FDA_NDC_DIRECTORY+RXNORM,FALSE,exenatide,70121-1686,ANDA,ANDA206697,60 ACTUAT exenatide 0.01 MG/ACTUAT Pen Injector,1 CARTRIDGE in 1 CARTON (70121-1686-1)  / 2.4 mL in 1 CARTRIDGE,true,FDA NDC directory product record / labeler-code lookup
00169280013,liraglutide,Saxenda,"INJECTION, SOLUTION",SUBCUTANEOUS,6 mg/mL,"Novo Nordisk Pharmaceutical Industries, LP",1598268,201502,201610,OBSOLETE,obesity,Y_product_label,"openFDA label by product NDC; Novo Nordisk Pharmaceutical Industries, LP; label effective 20260225; set_id 3946d389-0926-4f77-a708-0acb8153b143; classified from indications text",RXNORM+FDA_PRODUCT_9DIGIT,FALSE,liraglutide,0169-2800,NDA,NDA206321,Weight Management 3 ML liraglutide 6 MG/ML Pen Injector [Saxenda],,true,FDA NDC directory product record / labeler-code lookup
00169280015,liraglutide,Saxenda,"INJECTION, SOLUTION",SUBCUTANEOUS,6 mg/mL,"Novo Nordisk Pharmaceutical Industries, LP",1598268,201502,202609,ACTIVE,obesity,Y_product_label,"openFDA label by product NDC; Novo Nordisk Pharmaceutical Industries, LP; label effective 20260225; set_id 3946d389-0926-4f77-a708-0acb8153b143; classified from indications text",FDA_NDC_DIRECTORY+RXNORM,FALSE,liraglutide,0169-2800,NDA,NDA206321,Weight Management 3 ML liraglutide 6 MG/ML Pen Injector [Saxenda],"5 SYRINGE, PLASTIC in 1 CARTON (0169-2800-15)  / 3 mL in 1 SYRINGE, PLASTIC",true,FDA NDC directory product record / labeler-code lookup
00169280090,liraglutide,Saxenda,"INJECTION, SOLUTION",SUBCUTANEOUS,6 mg/mL,"Novo Nordisk Pharmaceutical Industries, LP",1598268,201502,202609,ACTIVE,obesity,Y_product_label,"openFDA label by product NDC; Novo Nordisk Pharmaceutical Industries, LP; label effective 20260225; set_id 3946d389-0926-4f77-a708-0acb8153b143; classified from indications text",FDA_NDC_DIRECTORY+RXNORM,FALSE,liraglutide,0169-2800,NDA,NDA206321,Weight Management 3 ML liraglutide 6 MG/ML Pen Injector [Saxenda],"1 SYRINGE, PLASTIC in 1 CARTON (0169-2800-90)  / 3 mL in 1 SYRINGE, PLASTIC",true,FDA NDC directory product record / labeler-code lookup
00169280097,liraglutide,Saxenda,"INJECTION, SOLUTION",SUBCUTANEOUS,6 mg/mL,"Novo Nordisk Pharmaceutical Industries, LP",1598268,201505,202609,ACTIVE,obesity,Y_product_label,"openFDA label by product NDC; Novo Nordisk Pharmaceutical Industries, LP; label effective 20260225; set_id 3946d389-0926-4f77-a708-0acb8153b143; classified from indications text",FDA_NDC_DIRECTORY+RXNORM,FALSE,liraglutide,0169-2800,NDA,NDA206321,Weight Management 3 ML liraglutide 6 MG/ML Pen Injector [Saxenda],"1 SYRINGE, PLASTIC in 1 CARTON (0169-2800-97)  / 3 mL in 1 SYRINGE, PLASTIC",true,FDA NDC directory product record / labeler-code lookup
50090425700,liraglutide,Saxenda,"INJECTION, SOLUTION",SUBCUTANEOUS,6 mg/mL,A-S Medication Solutions,1598268,202007,202609,ACTIVE,obesity,Y_product_label,openFDA label by product NDC; A-S Medication Solutions; label effective 20240126; set_id 7b11f6ac-4c27-4748-9e65-22d4cf3adfb4; classified from indications text,FDA_NDC_DIRECTORY+RXNORM,FALSE,liraglutide,50090-4257,NDA,NDA206321,Weight Management 3 ML liraglutide 6 MG/ML Pen Injector [Saxenda],"5 SYRINGE, PLASTIC in 1 CARTON (50090-4257-0)  / 3 mL in 1 SYRINGE, PLASTIC",true,FDA NDC directory product record / labeler-code lookup
00169406012,liraglutide,Victoza,INJECTION,SUBCUTANEOUS,6 mg/mL,Novo Nordisk,897126,201002,202609,ACTIVE,diabetes,Y_product_label,openFDA label by product NDC; Novo Nordisk; label effective 20251014; set_id 5a9ef4ea-c76a-4d34-a604-27c5b505f5a4; classified from indications text,FDA_NDC_DIRECTORY+RXNORM,FALSE,liraglutide,0169-4060,NDA,NDA022341,3 ML liraglutide 6 MG/ML Pen Injector [Victoza],"2 SYRINGE, PLASTIC in 1 CARTON (0169-4060-12)  / 3 mL in 1 SYRINGE, PLASTIC",true,FDA NDC directory product record / labeler-code lookup
00169406013,liraglutide,Victoza,INJECTION,SUBCUTANEOUS,6 mg/mL,Novo Nordisk,897126,201002,202609,ACTIVE,diabetes,Y_product_label,openFDA label by product NDC; Novo Nordisk; label effective 20251014; set_id 5a9ef4ea-c76a-4d34-a604-27c5b505f5a4; classified from indications text,FDA_NDC_DIRECTORY+RXNORM,FALSE,liraglutide,0169-4060,NDA,NDA022341,3 ML liraglutide 6 MG/ML Pen Injector [Victoza],"3 SYRINGE, PLASTIC in 1 CARTON (0169-4060-13)  / 3 mL in 1 SYRINGE, PLASTIC",true,FDA NDC directory product record / labeler-code lookup
00169406090,liraglutide,Victoza,INJECTION,SUBCUTANEOUS,6 mg/mL,Novo Nordisk,897126,201003,202609,ACTIVE,diabetes,Y_product_label,openFDA label by product NDC; Novo Nordisk; label effective 20251014; set_id 5a9ef4ea-c76a-4d34-a604-27c5b505f5a4; classified from indications text,FDA_NDC_DIRECTORY+RXNORM,FALSE,liraglutide,0169-4060,NDA,NDA022341,3 ML liraglutide 6 MG/ML Pen Injector [Victoza],"1 SYRINGE, PLASTIC in 1 CARTON (0169-4060-90)  / 3 mL in 1 SYRINGE, PLASTIC",true,FDA NDC directory product record / labeler-code lookup
00169406097,liraglutide,Victoza,INJECTION,SUBCUTANEOUS,6 mg/mL,Novo Nordisk,897126,201012,202004,OBSOLETE,diabetes,Y_product_label,openFDA label by product NDC; Novo Nordisk; label effective 20251014; set_id 5a9ef4ea-c76a-4d34-a604-27c5b505f5a4; classified from indications text,RXNORM+FDA_PRODUCT_9DIGIT,FALSE,liraglutide,0169-4060,NDA,NDA022341,3 ML liraglutide 6 MG/ML Pen Injector [Victoza],,true,FDA NDC directory product record / labeler-code lookup
00169406098,liraglutide,Victoza,INJECTION,SUBCUTANEOUS,6 mg/mL,Novo Nordisk,897126,201305,202004,OBSOLETE,diabetes,Y_product_label,openFDA label by product NDC; Novo Nordisk; label effective 20251014; set_id 5a9ef4ea-c76a-4d34-a604-27c5b505f5a4; classified from indications text,RXNORM+FDA_PRODUCT_9DIGIT,FALSE,liraglutide,0169-4060,NDA,NDA022341,3 ML liraglutide 6 MG/ML Pen Injector [Victoza],,true,FDA NDC directory product record / labeler-code lookup
00169406099,liraglutide,Victoza,INJECTION,SUBCUTANEOUS,6 mg/mL,Novo Nordisk,897126,201503,202609,ACTIVE,diabetes,Y_product_label,openFDA label by product NDC; Novo Nordisk; label effective 20251014; set_id 5a9ef4ea-c76a-4d34-a604-27c5b505f5a4; classified from indications text,FDA_NDC_DIRECTORY+RXNORM,FALSE,liraglutide,0169-4060,NDA,NDA022341,3 ML liraglutide 6 MG/ML Pen Injector [Victoza],"1 SYRINGE, PLASTIC in 1 CARTON (0169-4060-99)  / 3 mL in 1 SYRINGE, PLASTIC",true,FDA NDC directory product record / labeler-code lookup
50090285300,liraglutide,Victoza,INJECTION,SUBCUTANEOUS,6 mg/mL,A-S Medication Solutions,897126,201703,202609,ACTIVE,diabetes,Y_product_label,openFDA label by product NDC; A-S Medication Solutions; label effective 20230206; set_id 1d18f106-0584-4fee-97ab-32771a64b809; classified from indications text,FDA_NDC_DIRECTORY+RXNORM,FALSE,liraglutide,50090-2853,NDA,NDA022341,3 ML liraglutide 6 MG/ML Pen Injector [Victoza],"3 SYRINGE, PLASTIC in 1 CARTON (50090-2853-0)  / 3 mL in 1 SYRINGE, PLASTIC",true,FDA NDC directory product record / labeler-code lookup
50090450300,liraglutide,Victoza,INJECTION,SUBCUTANEOUS,6 mg/mL,A-S Medication Solutions,897126,201911,202609,ACTIVE,diabetes,Y_product_label,openFDA label by product NDC; A-S Medication Solutions; label effective 20230206; set_id 35e613e3-7aae-4152-b827-99d1ee7841be; classified from indications text,FDA_NDC_DIRECTORY+RXNORM,FALSE,liraglutide,50090-4503,NDA,NDA022341,3 ML liraglutide 6 MG/ML Pen Injector [Victoza],"3 SYRINGE, PLASTIC in 1 CARTON (50090-4503-0)  / 3 mL in 1 SYRINGE, PLASTIC",true,FDA NDC directory product record / labeler-code lookup
54569650700,liraglutide,Victoza,Pen Injector,SUBCUTANEOUS,6 MG/ML,A-S Medication Solutions,897126,201407,201706,OBSOLETE,diabetes,Y_brand_label,no openFDA label for this product NDC; group inherited from same-brand labelled products,RXNORM_ONLY,FALSE,liraglutide,,,,3 ML liraglutide 6 MG/ML Pen Injector [Victoza],,true,FDA NDC directory product record / labeler-code lookup
00169291115,liraglutide,Xultophy,"INJECTION, SOLUTION",SUBCUTANEOUS,100; 3.6 [iU]/mL; mg/mL,Novo Nordisk,1860172,201701,202609,ACTIVE,diabetes,Y_product_label,openFDA label by product NDC; Novo Nordisk; label effective 20251014; set_id 21335fe4-d395-4501-ac2a-2f20d7520da9; classified from indications text,FDA_NDC_DIRECTORY+RXNORM,TRUE,liraglutide,0169-2911,BLA,BLA208583,3 ML insulin degludec 100 UNT/ML / liraglutide 3.6 MG/ML Pen Injector [Xultophy],"5 SYRINGE, PLASTIC in 1 CARTON (0169-2911-15)  / 3 mL in 1 SYRINGE, PLASTIC",true,FDA NDC directory product record / labeler-code lookup
00169291190,liraglutide,Xultophy,"INJECTION, SOLUTION",SUBCUTANEOUS,100; 3.6 [iU]/mL; mg/mL,Novo Nordisk,1860172,201701,202609,ACTIVE,diabetes,Y_product_label,openFDA label by product NDC; Novo Nordisk; label effective 20251014; set_id 21335fe4-d395-4501-ac2a-2f20d7520da9; classified from indications text,RXNORM+FDA_PRODUCT_9DIGIT,FALSE,liraglutide,0169-2911,BLA,BLA208583,3 ML insulin degludec 100 UNT/ML / liraglutide 3.6 MG/ML Pen Injector [Xultophy],,true,FDA NDC directory product record / labeler-code lookup
00169291197,liraglutide,Xultophy,"INJECTION, SOLUTION",SUBCUTANEOUS,100; 3.6 [iU]/mL; mg/mL,Novo Nordisk,1860172,201701,202609,ACTIVE,diabetes,Y_product_label,openFDA label by product NDC; Novo Nordisk; label effective 20251014; set_id 21335fe4-d395-4501-ac2a-2f20d7520da9; classified from indications text,RXNORM+FDA_PRODUCT_9DIGIT,FALSE,liraglutide,0169-2911,BLA,BLA208583,3 ML insulin degludec 100 UNT/ML / liraglutide 3.6 MG/ML Pen Injector [Xultophy],,true,FDA NDC directory product record / labeler-code lookup
00143914401,liraglutide,,INJECTION,SUBCUTANEOUS,6 mg/mL,Hikma Pharmaceuticals USA Inc.,897122,202502,202609,ACTIVE,diabetes,Y_product_label,openFDA label by product NDC; Hikma Pharmaceuticals USA Inc.; label effective 20260514; set_id 2100ec49-57b2-4330-ab5f-057ce9b7e4d0; classified from indications text,RXNORM+FDA_PRODUCT_9DIGIT,FALSE,liraglutide,0143-9144,ANDA,ANDA215503,3 ML liraglutide 6 MG/ML Pen Injector,,true,FDA NDC directory product record / labeler-code lookup
00143914402,liraglutide,,INJECTION,SUBCUTANEOUS,6 mg/mL,Hikma Pharmaceuticals USA Inc.,897122,202501,202609,ACTIVE,diabetes,Y_product_label,openFDA label by product NDC; Hikma Pharmaceuticals USA Inc.; label effective 20260514; set_id 2100ec49-57b2-4330-ab5f-057ce9b7e4d0; classified from indications text,FDA_NDC_DIRECTORY+RXNORM,FALSE,liraglutide,0143-9144,ANDA,ANDA215503,3 ML liraglutide 6 MG/ML Pen Injector,"2 SYRINGE, PLASTIC in 1 CARTON (0143-9144-02)  / 3 mL in 1 SYRINGE, PLASTIC (0143-9144-01) ",true,FDA NDC directory product record / labeler-code lookup
00143914403,liraglutide,,INJECTION,SUBCUTANEOUS,6 mg/mL,Hikma Pharmaceuticals USA Inc.,897122,202501,202609,ACTIVE,diabetes,Y_product_label,openFDA label by product NDC; Hikma Pharmaceuticals USA Inc.; label effective 20260514; set_id 2100ec49-57b2-4330-ab5f-057ce9b7e4d0; classified from indications text,FDA_NDC_DIRECTORY+RXNORM,FALSE,liraglutide,0143-9144,ANDA,ANDA215503,3 ML liraglutide 6 MG/ML Pen Injector,"3 SYRINGE, PLASTIC in 1 CARTON (0143-9144-03)  / 3 mL in 1 SYRINGE, PLASTIC (0143-9144-01) ",true,FDA NDC directory product record / labeler-code lookup
00480366719,liraglutide,,INJECTION,SUBCUTANEOUS,6 mg/mL,"Teva Pharmaceuticals USA, Inc.",897122,202408,202609,ACTIVE,diabetes,Y_product_label,"openFDA label by product NDC; Teva Pharmaceuticals USA, Inc.; label effective 20260130; set_id 14bf9812-14ee-46ce-93b1-686e4906cbbc; classified from indications text",RXNORM+FDA_PRODUCT_9DIGIT,FALSE,liraglutide,0480-3667,NDA AUTHORIZED GENERIC,NDA022341,3 ML liraglutide 6 MG/ML Pen Injector,,true,FDA NDC directory product record / labeler-code lookup
00480366720,liraglutide,,INJECTION,SUBCUTANEOUS,6 mg/mL,"Teva Pharmaceuticals USA, Inc.",897122,202408,202609,ACTIVE,diabetes,Y_product_label,"openFDA label by product NDC; Teva Pharmaceuticals USA, Inc.; label effective 20260130; set_id 14bf9812-14ee-46ce-93b1-686e4906cbbc; classified from indications text",FDA_NDC_DIRECTORY+RXNORM,FALSE,liraglutide,0480-3667,NDA AUTHORIZED GENERIC,NDA022341,3 ML liraglutide 6 MG/ML Pen Injector,"2 SYRINGE, PLASTIC in 1 CARTON (0480-3667-20)  / 3 mL in 1 SYRINGE, PLASTIC (0480-3667-19) ",true,FDA NDC directory product record / labeler-code lookup
00480366722,liraglutide,,INJECTION,SUBCUTANEOUS,6 mg/mL,"Teva Pharmaceuticals USA, Inc.",897122,202408,202609,ACTIVE,diabetes,Y_product_label,"openFDA label by product NDC; Teva Pharmaceuticals USA, Inc.; label effective 20260130; set_id 14bf9812-14ee-46ce-93b1-686e4906cbbc; classified from indications text",FDA_NDC_DIRECTORY+RXNORM,FALSE,liraglutide,0480-3667,NDA AUTHORIZED GENERIC,NDA022341,3 ML liraglutide 6 MG/ML Pen Injector,"3 SYRINGE, PLASTIC in 1 CARTON (0480-3667-22)  / 3 mL in 1 SYRINGE, PLASTIC (0480-3667-19) ",true,FDA NDC directory product record / labeler-code lookup
00480725019,liraglutide,,"INJECTION, SOLUTION",SUBCUTANEOUS,6 mg/mL,"Teva Pharmaceuticals, Inc.",2735350,202510,202609,ACTIVE,obesity,Y_product_label,"openFDA label by product NDC; Teva Pharmaceuticals, Inc.; label effective 20260227; set_id 625ac780-70a9-41e4-a892-bcba0f803f1c; classified from indications text",RXNORM+FDA_PRODUCT_9DIGIT,FALSE,liraglutide,0480-7250,ANDA,ANDA214568,Weight Management 3 ML liraglutide 6 MG/ML Pen Injector,,true,FDA NDC directory product record / labeler-code lookup
00480725046,liraglutide,,"INJECTION, SOLUTION",SUBCUTANEOUS,6 mg/mL,"Teva Pharmaceuticals, Inc.",2735350,202510,202609,ACTIVE,obesity,Y_product_label,"openFDA label by product NDC; Teva Pharmaceuticals, Inc.; label effective 20260227; set_id 625ac780-70a9-41e4-a892-bcba0f803f1c; classified from indications text",FDA_NDC_DIRECTORY+RXNORM,FALSE,liraglutide,0480-7250,ANDA,ANDA214568,Weight Management 3 ML liraglutide 6 MG/ML Pen Injector,"5 SYRINGE, PLASTIC in 1 CARTON (0480-7250-46)  / 3 mL in 1 SYRINGE, PLASTIC",true,FDA NDC directory product record / labeler-code lookup
14403340001,liraglutide,,"INJECTION, SOLUTION",SUBCUTANEOUS,18 mg/3mL,"Hybio Pharmaceutical Co., Ltd. (Pingshan Factory)",897122,202501,202609,ACTIVE,diabetes,Y_product_label,"openFDA label by product NDC; Hybio Pharmaceutical Co., Ltd. (Pingshan Factory); label effective 20241203; set_id 1a372465-d56b-2b80-e063-6394a90a3304; classified from indications text",FDA_NDC_DIRECTORY+RXNORM,FALSE,liraglutide,14403-3400,ANDA,ANDA215503,3 ML liraglutide 6 MG/ML Pen Injector,"3 mL in 1 SYRINGE, PLASTIC (14403-3400-1) ",true,FDA NDC directory product record / labeler-code lookup
14403340002,liraglutide,,"INJECTION, SOLUTION",SUBCUTANEOUS,18 mg/3mL,"Hybio Pharmaceutical Co., Ltd. (Pingshan Factory)",897122,202501,202609,ACTIVE,diabetes,Y_product_label,"openFDA label by product NDC; Hybio Pharmaceutical Co., Ltd. (Pingshan Factory); label effective 20241203; set_id 1a372465-d56b-2b80-e063-6394a90a3304; classified from indications text",FDA_NDC_DIRECTORY+RXNORM,FALSE,liraglutide,14403-3400,ANDA,ANDA215503,3 ML liraglutide 6 MG/ML Pen Injector,"2 SYRINGE, PLASTIC in 1 CARTON (14403-3400-2)  / 3 mL in 1 SYRINGE, PLASTIC (14403-3400-1) ",true,FDA NDC directory product record / labeler-code lookup
14403340003,liraglutide,,"INJECTION, SOLUTION",SUBCUTANEOUS,18 mg/3mL,"Hybio Pharmaceutical Co., Ltd. (Pingshan Factory)",897122,202501,202609,ACTIVE,diabetes,Y_product_label,"openFDA label by product NDC; Hybio Pharmaceutical Co., Ltd. (Pingshan Factory); label effective 20241203; set_id 1a372465-d56b-2b80-e063-6394a90a3304; classified from indications text",FDA_NDC_DIRECTORY+RXNORM,FALSE,liraglutide,14403-3400,ANDA,ANDA215503,3 ML liraglutide 6 MG/ML Pen Injector,"3 SYRINGE, PLASTIC in 1 CARTON (14403-3400-3)  / 3 mL in 1 SYRINGE, PLASTIC (14403-3400-1) ",true,FDA NDC directory product record / labeler-code lookup
50090750100,liraglutide,,INJECTION,SUBCUTANEOUS,6 mg/mL,A-S Medication Solutions,897122,202503,202609,ACTIVE,diabetes,Y_product_label,openFDA label by product NDC; A-S Medication Solutions; label effective 20250130; set_id 0ba917f7-b974-4364-a745-7494ecae3e73; classified from indications text,FDA_NDC_DIRECTORY+RXNORM,FALSE,liraglutide,50090-7501,NDA AUTHORIZED GENERIC,NDA022341,3 ML liraglutide 6 MG/ML Pen Injector,"3 SYRINGE, PLASTIC in 1 CARTON (50090-7501-0)  / 3 mL in 1 SYRINGE, PLASTIC",true,FDA NDC directory product record / labeler-code lookup
69097091031,liraglutide,,"INJECTION, SOLUTION",SUBCUTANEOUS,6 mg/mL,Cipla USA Inc.,2735350,202604,202609,ACTIVE,obesity,Y_product_label,openFDA label by product NDC; Cipla USA Inc.; label effective 20260618; set_id 22c86976-9657-4dd0-8fff-0c3f3f08357c; classified from indications text,RXNORM+FDA_PRODUCT_9DIGIT,FALSE,liraglutide,69097-910,ANDA,ANDA217234,Weight Management 3 ML liraglutide 6 MG/ML Pen Injector,,true,FDA NDC directory product record / labeler-code lookup
69097091055,liraglutide,,"INJECTION, SOLUTION",SUBCUTANEOUS,6 mg/mL,Cipla USA Inc.,2735350,202604,202609,ACTIVE,obesity,Y_product_label,openFDA label by product NDC; Cipla USA Inc.; label effective 20260618; set_id 22c86976-9657-4dd0-8fff-0c3f3f08357c; classified from indications text,FDA_NDC_DIRECTORY+RXNORM,FALSE,liraglutide,69097-910,ANDA,ANDA217234,Weight Management 3 ML liraglutide 6 MG/ML Pen Injector,"5 SYRINGE, PLASTIC in 1 CARTON (69097-910-55)  / 3 mL in 1 SYRINGE, PLASTIC",true,FDA NDC directory product record / labeler-code lookup
69097091068,liraglutide,,"INJECTION, SOLUTION",SUBCUTANEOUS,6 mg/mL,Cipla USA Inc.,2735350,202604,202609,ACTIVE,obesity,Y_product_label,openFDA label by product NDC; Cipla USA Inc.; label effective 20260618; set_id 22c86976-9657-4dd0-8fff-0c3f3f08357c; classified from indications text,FDA_NDC_DIRECTORY+RXNORM,FALSE,liraglutide,69097-910,ANDA,ANDA217234,Weight Management 3 ML liraglutide 6 MG/ML Pen Injector,"3 SYRINGE, PLASTIC in 1 CARTON (69097-910-68)  / 3 mL in 1 SYRINGE, PLASTIC",true,FDA NDC directory product record / labeler-code lookup
69097092031,liraglutide,,"INJECTION, SOLUTION",SUBCUTANEOUS,6 mg/mL,Cipla USA Inc.,897122,202604,202609,ACTIVE,diabetes,Y_product_label,openFDA label by product NDC; Cipla USA Inc.; label effective 20260112; set_id 8fe557ae-4ff0-47a2-8ec3-37bb0fbdcc64; classified from indications text,RXNORM+FDA_PRODUCT_9DIGIT,FALSE,liraglutide,69097-920,ANDA,ANDA217590,3 ML liraglutide 6 MG/ML Pen Injector,,true,FDA NDC directory product record / labeler-code lookup
69097092067,liraglutide,,"INJECTION, SOLUTION",SUBCUTANEOUS,6 mg/mL,Cipla USA Inc.,897122,202602,202609,ACTIVE,diabetes,Y_product_label,openFDA label by product NDC; Cipla USA Inc.; label effective 20260112; set_id 8fe557ae-4ff0-47a2-8ec3-37bb0fbdcc64; classified from indications text,FDA_NDC_DIRECTORY+RXNORM,FALSE,liraglutide,69097-920,ANDA,ANDA217590,3 ML liraglutide 6 MG/ML Pen Injector,"2 SYRINGE, PLASTIC in 1 CARTON (69097-920-67)  / 3 mL in 1 SYRINGE, PLASTIC",true,FDA NDC directory product record / labeler-code lookup
69097092068,liraglutide,,"INJECTION, SOLUTION",SUBCUTANEOUS,6 mg/mL,Cipla USA Inc.,897122,202602,202609,ACTIVE,diabetes,Y_product_label,openFDA label by product NDC; Cipla USA Inc.; label effective 20260112; set_id 8fe557ae-4ff0-47a2-8ec3-37bb0fbdcc64; classified from indications text,FDA_NDC_DIRECTORY+RXNORM,FALSE,liraglutide,69097-920,ANDA,ANDA217590,3 ML liraglutide 6 MG/ML Pen Injector,"3 SYRINGE, PLASTIC in 1 CARTON (69097-920-68)  / 3 mL in 1 SYRINGE, PLASTIC",true,FDA NDC directory product record / labeler-code lookup
70377009451,liraglutide,,INJECTION,SUBCUTANEOUS,6 mg/mL,Biocon Pharma Inc.,897122,202608,202609,ACTIVE,diabetes,Y_product_label,openFDA label by product NDC; Biocon Pharma Inc.; label effective 20251010; set_id cb032379-043b-443c-d552-b5d25f27f3c4; classified from indications text,RXNORM+FDA_PRODUCT_9DIGIT,FALSE,liraglutide,70377-094,ANDA,ANDA215245,3 ML liraglutide 6 MG/ML Pen Injector,,true,FDA NDC directory product record / labeler-code lookup
70377009452,liraglutide,,INJECTION,SUBCUTANEOUS,6 mg/mL,Biocon Pharma Inc.,897122,202606,202609,ACTIVE,diabetes,Y_product_label,openFDA label by product NDC; Biocon Pharma Inc.; label effective 20251010; set_id cb032379-043b-443c-d552-b5d25f27f3c4; classified from indications text,FDA_NDC_DIRECTORY+RXNORM,FALSE,liraglutide,70377-094,ANDA,ANDA215245,3 ML liraglutide 6 MG/ML Pen Injector,"2 SYRINGE, PLASTIC in 1 CARTON (70377-094-52)  / 3 mL in 1 SYRINGE, PLASTIC",true,FDA NDC directory product record / labeler-code lookup
70377009453,liraglutide,,INJECTION,SUBCUTANEOUS,6 mg/mL,Biocon Pharma Inc.,897122,202606,202609,ACTIVE,diabetes,Y_product_label,openFDA label by product NDC; Biocon Pharma Inc.; label effective 20251010; set_id cb032379-043b-443c-d552-b5d25f27f3c4; classified from indications text,FDA_NDC_DIRECTORY+RXNORM,FALSE,liraglutide,70377-094,ANDA,ANDA215245,3 ML liraglutide 6 MG/ML Pen Injector,"3 SYRINGE, PLASTIC in 1 CARTON (70377-094-53)  / 3 mL in 1 SYRINGE, PLASTIC",true,FDA NDC directory product record / labeler-code lookup
70377009551,liraglutide,,"INJECTION, SOLUTION",SUBCUTANEOUS,6 mg/mL,Biocon Pharma Inc.,2735350,202607,202609,ACTIVE,obesity,Y_product_label,openFDA label by product NDC; Biocon Pharma Inc.; label effective 20251016; set_id 0b898330-eca1-f60a-71d2-b91716e336ed; classified from indications text,RXNORM+FDA_PRODUCT_9DIGIT,FALSE,liraglutide,70377-095,ANDA,ANDA217063,Weight Management 3 ML liraglutide 6 MG/ML Pen Injector,,true,FDA NDC directory product record / labeler-code lookup
70377009552,liraglutide,,"INJECTION, SOLUTION",SUBCUTANEOUS,6 mg/mL,Biocon Pharma Inc.,2735350,202605,202609,ACTIVE,obesity,Y_product_label,openFDA label by product NDC; Biocon Pharma Inc.; label effective 20251016; set_id 0b898330-eca1-f60a-71d2-b91716e336ed; classified from indications text,FDA_NDC_DIRECTORY+RXNORM,FALSE,liraglutide,70377-095,ANDA,ANDA217063,Weight Management 3 ML liraglutide 6 MG/ML Pen Injector,"3 SYRINGE, PLASTIC in 1 CARTON (70377-095-52)  / 3 mL in 1 SYRINGE, PLASTIC",true,FDA NDC directory product record / labeler-code lookup
70377009553,liraglutide,,"INJECTION, SOLUTION",SUBCUTANEOUS,6 mg/mL,Biocon Pharma Inc.,2735350,202605,202609,ACTIVE,obesity,Y_product_label,openFDA label by product NDC; Biocon Pharma Inc.; label effective 20251016; set_id 0b898330-eca1-f60a-71d2-b91716e336ed; classified from indications text,FDA_NDC_DIRECTORY+RXNORM,FALSE,liraglutide,70377-095,ANDA,ANDA217063,Weight Management 3 ML liraglutide 6 MG/ML Pen Injector,"5 SYRINGE, PLASTIC in 1 CARTON (70377-095-53)  / 3 mL in 1 SYRINGE, PLASTIC",true,FDA NDC directory product record / labeler-code lookup
70748034601,liraglutide,,INJECTION,SUBCUTANEOUS,6 mg/mL,"Lupin Pharmaceuticals, Inc.",897122,202512,202609,ACTIVE,diabetes,Y_product_label,"openFDA label by product NDC; Lupin Pharmaceuticals, Inc.; label effective 20251113; set_id 0450d8a2-a88e-4849-9788-ed4f5246f223; classified from indications text",RXNORM+FDA_PRODUCT_9DIGIT,FALSE,liraglutide,70748-346,ANDA,ANDA215421,3 ML liraglutide 6 MG/ML Pen Injector,,true,FDA NDC directory product record / labeler-code lookup
70748034602,liraglutide,,INJECTION,SUBCUTANEOUS,6 mg/mL,"Lupin Pharmaceuticals, Inc.",897122,202510,202609,ACTIVE,diabetes,Y_product_label,"openFDA label by product NDC; Lupin Pharmaceuticals, Inc.; label effective 20251113; set_id 0450d8a2-a88e-4849-9788-ed4f5246f223; classified from indications text",FDA_NDC_DIRECTORY+RXNORM,FALSE,liraglutide,70748-346,ANDA,ANDA215421,3 ML liraglutide 6 MG/ML Pen Injector,"2 SYRINGE, PLASTIC in 1 CARTON (70748-346-02)  / 3 mL in 1 SYRINGE, PLASTIC",true,FDA NDC directory product record / labeler-code lookup
70748034603,liraglutide,,INJECTION,SUBCUTANEOUS,6 mg/mL,"Lupin Pharmaceuticals, Inc.",897122,202510,202609,ACTIVE,diabetes,Y_product_label,"openFDA label by product NDC; Lupin Pharmaceuticals, Inc.; label effective 20251113; set_id 0450d8a2-a88e-4849-9788-ed4f5246f223; classified from indications text",FDA_NDC_DIRECTORY+RXNORM,FALSE,liraglutide,70748-346,ANDA,ANDA215421,3 ML liraglutide 6 MG/ML Pen Injector,"3 SYRINGE, PLASTIC in 1 CARTON (70748-346-03)  / 3 mL in 1 SYRINGE, PLASTIC",true,FDA NDC directory product record / labeler-code lookup
71288056383,liraglutide,,INJECTION,SUBCUTANEOUS,6 mg/mL,Meitheal Pharmaceuticals Inc.,897122,202505,202609,ACTIVE,diabetes,Y_product_label,openFDA label by product NDC; Meitheal Pharmaceuticals Inc.; label effective 20260727; set_id 0efc3a89-211a-4496-baab-e8265e07de2b; classified from indications text,RXNORM+FDA_PRODUCT_9DIGIT,FALSE,liraglutide,71288-563,ANDA,ANDA218115,3 ML liraglutide 6 MG/ML Pen Injector,,true,FDA NDC directory product record / labeler-code lookup
71288056384,liraglutide,,INJECTION,SUBCUTANEOUS,6 mg/mL,Meitheal Pharmaceuticals Inc.,897122,202505,202609,ACTIVE,diabetes,Y_product_label,openFDA label by product NDC; Meitheal Pharmaceuticals Inc.; label effective 20260727; set_id 0efc3a89-211a-4496-baab-e8265e07de2b; classified from indications text,FDA_NDC_DIRECTORY+RXNORM,FALSE,liraglutide,71288-563,ANDA,ANDA218115,3 ML liraglutide 6 MG/ML Pen Injector,"3 SYRINGE, PLASTIC in 1 CARTON (71288-563-84)  / 3 mL in 1 SYRINGE, PLASTIC",true,FDA NDC directory product record / labeler-code lookup
71288056385,liraglutide,,INJECTION,SUBCUTANEOUS,6 mg/mL,Meitheal Pharmaceuticals Inc.,897122,202505,202609,ACTIVE,diabetes,Y_product_label,openFDA label by product NDC; Meitheal Pharmaceuticals Inc.; label effective 20260727; set_id 0efc3a89-211a-4496-baab-e8265e07de2b; classified from indications text,FDA_NDC_DIRECTORY+RXNORM,FALSE,liraglutide,71288-563,ANDA,ANDA218115,3 ML liraglutide 6 MG/ML Pen Injector,"2 SYRINGE, PLASTIC in 1 CARTON (71288-563-85)  / 3 mL in 1 SYRINGE, PLASTIC",true,FDA NDC directory product record / labeler-code lookup
72603074501,liraglutide,,INJECTION,SUBCUTANEOUS,6 mg/mL,NorthStar Rx LLC,897122,202605,202609,ACTIVE,diabetes,Y_product_label,openFDA label by product NDC; NorthStar Rx LLC; label effective 20260624; set_id 4253be3b-bda6-4efd-8118-9c9538168a88; classified from indications text,RXNORM+FDA_PRODUCT_9DIGIT,FALSE,liraglutide,72603-745,ANDA,ANDA218115,3 ML liraglutide 6 MG/ML Pen Injector,,true,FDA NDC directory product record / labeler-code lookup
72603074502,liraglutide,,INJECTION,SUBCUTANEOUS,6 mg/mL,NorthStar Rx LLC,897122,202604,202609,ACTIVE,diabetes,Y_product_label,openFDA label by product NDC; NorthStar Rx LLC; label effective 20260624; set_id 4253be3b-bda6-4efd-8118-9c9538168a88; classified from indications text,FDA_NDC_DIRECTORY+RXNORM,FALSE,liraglutide,72603-745,ANDA,ANDA218115,3 ML liraglutide 6 MG/ML Pen Injector,"2 SYRINGE, PLASTIC in 1 CARTON (72603-745-02)  / 3 mL in 1 SYRINGE, PLASTIC (72603-745-01) ",true,FDA NDC directory product record / labeler-code lookup
72603074503,liraglutide,,INJECTION,SUBCUTANEOUS,6 mg/mL,NorthStar Rx LLC,897122,202604,202609,ACTIVE,diabetes,Y_product_label,openFDA label by product NDC; NorthStar Rx LLC; label effective 20260624; set_id 4253be3b-bda6-4efd-8118-9c9538168a88; classified from indications text,FDA_NDC_DIRECTORY+RXNORM,FALSE,liraglutide,72603-745,ANDA,ANDA218115,3 ML liraglutide 6 MG/ML Pen Injector,"3 SYRINGE, PLASTIC in 1 CARTON (72603-745-03)  / 3 mL in 1 SYRINGE, PLASTIC (72603-745-01) ",true,FDA NDC directory product record / labeler-code lookup
81607001801,liraglutide,,"INJECTION, SOLUTION",SUBCUTANEOUS,6 mg/mL,Orbicular Pharmaceutical Technologies Private Limited,897122,202604,202609,ACTIVE,diabetes,Y_product_label,openFDA label by product NDC; Orbicular Pharmaceutical Technologies Private Limited; label effective 20260312; set_id bb66a46c-9019-4a98-8e5d-581109facfba; classified from indications text,FDA_NDC_DIRECTORY+RXNORM,FALSE,liraglutide,81607-018,ANDA,ANDA217590,3 ML liraglutide 6 MG/ML Pen Injector,"3 SYRINGE, PLASTIC in 1 CARTON (81607-018-01)  / 3 mL in 1 SYRINGE, PLASTIC",true,FDA NDC directory product record / labeler-code lookup
81607001802,liraglutide,,"INJECTION, SOLUTION",SUBCUTANEOUS,6 mg/mL,Orbicular Pharmaceutical Technologies Private Limited,897122,202604,202609,ACTIVE,diabetes,Y_product_label,openFDA label by product NDC; Orbicular Pharmaceutical Technologies Private Limited; label effective 20260312; set_id bb66a46c-9019-4a98-8e5d-581109facfba; classified from indications text,FDA_NDC_DIRECTORY+RXNORM,FALSE,liraglutide,81607-018,ANDA,ANDA217590,3 ML liraglutide 6 MG/ML Pen Injector,"2 SYRINGE, PLASTIC in 1 CARTON (81607-018-02)  / 3 mL in 1 SYRINGE, PLASTIC",true,FDA NDC directory product record / labeler-code lookup
81607001901,liraglutide,,"INJECTION, SOLUTION",SUBCUTANEOUS,6 mg/mL,Orbicular Pharmaceutical Technologies Private Limited,2735350,202604,202609,ACTIVE,obesity,Y_product_label,openFDA label by product NDC; Orbicular Pharmaceutical Technologies Private Limited; label effective 20260416; set_id d2bfc30a-8392-4255-a4d8-fa0b8d1659b2; classified from indications text,FDA_NDC_DIRECTORY+RXNORM,FALSE,liraglutide,81607-019,ANDA,ANDA217234,Weight Management 3 ML liraglutide 6 MG/ML Pen Injector,"3 SYRINGE, PLASTIC in 1 CARTON (81607-019-01)  / 3 mL in 1 SYRINGE, PLASTIC (81607-019-03) ",true,FDA NDC directory product record / labeler-code lookup
81607001902,liraglutide,,"INJECTION, SOLUTION",SUBCUTANEOUS,6 mg/mL,Orbicular Pharmaceutical Technologies Private Limited,2735350,202604,202609,ACTIVE,obesity,Y_product_label,openFDA label by product NDC; Orbicular Pharmaceutical Technologies Private Limited; label effective 20260416; set_id d2bfc30a-8392-4255-a4d8-fa0b8d1659b2; classified from indications text,FDA_NDC_DIRECTORY+RXNORM,FALSE,liraglutide,81607-019,ANDA,ANDA217234,Weight Management 3 ML liraglutide 6 MG/ML Pen Injector,"5 SYRINGE, PLASTIC in 1 CARTON (81607-019-02)  / 3 mL in 1 SYRINGE, PLASTIC (81607-019-03) ",true,FDA NDC directory product record / labeler-code lookup
81607001903,liraglutide,,"INJECTION, SOLUTION",SUBCUTANEOUS,6 mg/mL,Orbicular Pharmaceutical Technologies Private Limited,2735350,202604,202609,ACTIVE,obesity,Y_product_label,openFDA label by product NDC; Orbicular Pharmaceutical Technologies Private Limited; label effective 20260416; set_id d2bfc30a-8392-4255-a4d8-fa0b8d1659b2; classified from indications text,RXNORM+FDA_PRODUCT_9DIGIT,FALSE,liraglutide,81607-019,ANDA,ANDA217234,Weight Management 3 ML liraglutide 6 MG/ML Pen Injector,,true,FDA NDC directory product record / labeler-code lookup
00024574502,lixisenatide,Adlyxin,,,,Sanofi-Aventis U.S. LLC,,201801,202212,SDUD_ONLY,diabetes,Y_brand_label_drugsatfda,classified from labeler code + SDUD product name; confirm labeler code in Drugs@FDA (phase 5) | labeler labeler code confirmed: Sanofi is the Drugs@FDA sponsor of the brand's application,SDUD_only,FALSE,lixisenatide,,,,,,true,labeler code checked against Drugs@FDA sponsor of the brand's application
00024574702,lixisenatide,Adlyxin,,,,Sanofi-Aventis U.S. LLC,,201801,202309,SDUD_ONLY,diabetes,Y_brand_label_drugsatfda,classified from labeler code + SDUD product name; confirm labeler code in Drugs@FDA (phase 5) | labeler labeler code confirmed: Sanofi is the Drugs@FDA sponsor of the brand's application,SDUD_only,FALSE,lixisenatide,,,,,,true,labeler code checked against Drugs@FDA sponsor of the brand's application
00024576101,lixisenatide,Soliqua,"INJECTION, SOLUTION",SUBCUTANEOUS,100; 33 U/mL; ug/mL,Sanofi-Aventis U.S. LLC,1859000,202001,202609,ACTIVE,diabetes,Y_product_label,openFDA label by product NDC; Sanofi-Aventis U.S. LLC; label effective 20260318; set_id 4bba538b-cf7c-4310-ae8f-cb711ed21bcc; classified from indications text,FDA_NDC_DIRECTORY+RXNORM,TRUE,lixisenatide,0024-5761,BLA,BLA208673,3 ML insulin glargine 100 UNT/ML / lixisenatide 0.033 MG/ML Pen Injector [Soliqua],1 SYRINGE in 1 CARTON (0024-5761-01)  / 3 mL in 1 SYRINGE,true,FDA NDC directory product record / labeler-code lookup
00024576102,lixisenatide,Soliqua,"INJECTION, SOLUTION",SUBCUTANEOUS,100; 33 U/mL; ug/mL,Sanofi-Aventis U.S. LLC,1859000,202005,202609,ACTIVE,diabetes,Y_product_label,openFDA label by product NDC; Sanofi-Aventis U.S. LLC; label effective 20260318; set_id 4bba538b-cf7c-4310-ae8f-cb711ed21bcc; classified from indications text,RXNORM+FDA_PRODUCT_9DIGIT,FALSE,lixisenatide,0024-5761,BLA,BLA208673,3 ML insulin glargine 100 UNT/ML / lixisenatide 0.033 MG/ML Pen Injector [Soliqua],,true,FDA NDC directory product record / labeler-code lookup
00024576105,lixisenatide,Soliqua,"INJECTION, SOLUTION",SUBCUTANEOUS,100; 33 U/mL; ug/mL,Sanofi-Aventis U.S. LLC,1859000,201612,202609,ACTIVE,diabetes,Y_product_label,openFDA label by product NDC; Sanofi-Aventis U.S. LLC; label effective 20260318; set_id 4bba538b-cf7c-4310-ae8f-cb711ed21bcc; classified from indications text,FDA_NDC_DIRECTORY+RXNORM,TRUE,lixisenatide,0024-5761,BLA,BLA208673,3 ML insulin glargine 100 UNT/ML / lixisenatide 0.033 MG/ML Pen Injector [Soliqua],5 SYRINGE in 1 CARTON (0024-5761-05)  / 3 mL in 1 SYRINGE (0024-5761-02) ,true,FDA NDC directory product record / labeler-code lookup
00024576302,lixisenatide,Soliqua,Pen Injector,SUBCUTANEOUS,100 UNT/ML 0.033 MG/ML,Sanofi-Aventis U.S. LLC,1859000,201702,202609,ACTIVE,diabetes,Y_brand_label,no openFDA label for this product NDC; group inherited from same-brand labelled products,RXNORM_ONLY,FALSE,lixisenatide,,,,3 ML insulin glargine 100 UNT/ML / lixisenatide 0.033 MG/ML Pen Injector [Soliqua],,true,FDA NDC directory product record / labeler-code lookup
00002417801,orforglipron,Foundayo,"TABLET, FILM COATED",ORAL,.8 mg/1,Eli Lilly and Company,2739850,202605,202609,ACTIVE,obesity,Y_product_label,openFDA label by product NDC; Eli Lilly and Company; label effective 20260729; set_id 8ac446c5-feba-474f-a103-23facb9b5c62; classified from indications text,RXNORM+FDA_PRODUCT_9DIGIT,FALSE,orforglipron,0002-4178,NDA,NDA220934,orforglipron 0.8 MG Oral Tablet [Foundayo],,true,FDA NDC directory product record / labeler-code lookup
00002417831,orforglipron,Foundayo,"TABLET, FILM COATED",ORAL,.8 mg/1,Eli Lilly and Company,2739850,202605,202609,ACTIVE,obesity,Y_product_label,openFDA label by product NDC; Eli Lilly and Company; label effective 20260729; set_id 8ac446c5-feba-474f-a103-23facb9b5c62; classified from indications text,FDA_NDC_DIRECTORY+RXNORM,FALSE,orforglipron,0002-4178,NDA,NDA220934,orforglipron 0.8 MG Oral Tablet [Foundayo],"1 BOTTLE in 1 CARTON (0002-4178-31)  / 30 TABLET, FILM COATED in 1 BOTTLE (0002-4178-01) ",true,FDA NDC directory product record / labeler-code lookup
00002417862,orforglipron,Foundayo,"TABLET, FILM COATED",ORAL,.8 mg/1,Eli Lilly and Company,2739850,202605,202609,ACTIVE,obesity,Y_product_label,openFDA label by product NDC; Eli Lilly and Company; label effective 20260729; set_id 8ac446c5-feba-474f-a103-23facb9b5c62; classified from indications text,FDA_NDC_DIRECTORY+RXNORM,FALSE,orforglipron,0002-4178,NDA,NDA220934,orforglipron 0.8 MG Oral Tablet [Foundayo],"1 BOTTLE in 1 CARTON (0002-4178-62)  / 30 TABLET, FILM COATED in 1 BOTTLE",true,FDA NDC directory product record / labeler-code lookup
00002450301,orforglipron,Foundayo,"TABLET, FILM COATED",ORAL,2.5 mg/1,Eli Lilly and Company,2739854,202605,202609,ACTIVE,obesity,Y_product_label,openFDA label by product NDC; Eli Lilly and Company; label effective 20260729; set_id 8ac446c5-feba-474f-a103-23facb9b5c62; classified from indications text,RXNORM+FDA_PRODUCT_9DIGIT,FALSE,orforglipron,0002-4503,NDA,NDA220934,orforglipron 2.5 MG Oral Tablet [Foundayo],,true,FDA NDC directory product record / labeler-code lookup
00002450331,orforglipron,Foundayo,"TABLET, FILM COATED",ORAL,2.5 mg/1,Eli Lilly and Company,2739854,202605,202609,ACTIVE,obesity,Y_product_label,openFDA label by product NDC; Eli Lilly and Company; label effective 20260729; set_id 8ac446c5-feba-474f-a103-23facb9b5c62; classified from indications text,FDA_NDC_DIRECTORY+RXNORM,FALSE,orforglipron,0002-4503,NDA,NDA220934,orforglipron 2.5 MG Oral Tablet [Foundayo],"1 BOTTLE in 1 CARTON (0002-4503-31)  / 30 TABLET, FILM COATED in 1 BOTTLE (0002-4503-01) ",true,FDA NDC directory product record / labeler-code lookup
00002479401,orforglipron,Foundayo,"TABLET, FILM COATED",ORAL,5.5 mg/1,Eli Lilly and Company,2739858,202605,202609,ACTIVE,obesity,Y_product_label,openFDA label by product NDC; Eli Lilly and Company; label effective 20260729; set_id 8ac446c5-feba-474f-a103-23facb9b5c62; classified from indications text,RXNORM+FDA_PRODUCT_9DIGIT,FALSE,orforglipron,0002-4794,NDA,NDA220934,orforglipron 5.5 MG Oral Tablet [Foundayo],,true,FDA NDC directory product record / labeler-code lookup
00002479431,orforglipron,Foundayo,"TABLET, FILM COATED",ORAL,5.5 mg/1,Eli Lilly and Company,2739858,202605,202609,ACTIVE,obesity,Y_product_label,openFDA label by product NDC; Eli Lilly and Company; label effective 20260729; set_id 8ac446c5-feba-474f-a103-23facb9b5c62; classified from indications text,FDA_NDC_DIRECTORY+RXNORM,FALSE,orforglipron,0002-4794,NDA,NDA220934,orforglipron 5.5 MG Oral Tablet [Foundayo],"1 BOTTLE in 1 CARTON (0002-4794-31)  / 30 TABLET, FILM COATED in 1 BOTTLE (0002-4794-01) ",true,FDA NDC directory product record / labeler-code lookup
00002480301,orforglipron,Foundayo,"TABLET, FILM COATED",ORAL,9 mg/1,Eli Lilly and Company,2739862,202605,202609,ACTIVE,obesity,Y_product_label,openFDA label by product NDC; Eli Lilly and Company; label effective 20260729; set_id 8ac446c5-feba-474f-a103-23facb9b5c62; classified from indications text,RXNORM+FDA_PRODUCT_9DIGIT,FALSE,orforglipron,0002-4803,NDA,NDA220934,orforglipron 9 MG Oral Tablet [Foundayo],,true,FDA NDC directory product record / labeler-code lookup
00002480331,orforglipron,Foundayo,"TABLET, FILM COATED",ORAL,9 mg/1,Eli Lilly and Company,2739862,202605,202609,ACTIVE,obesity,Y_product_label,openFDA label by product NDC; Eli Lilly and Company; label effective 20260729; set_id 8ac446c5-feba-474f-a103-23facb9b5c62; classified from indications text,FDA_NDC_DIRECTORY+RXNORM,FALSE,orforglipron,0002-4803,NDA,NDA220934,orforglipron 9 MG Oral Tablet [Foundayo],"1 BOTTLE in 1 CARTON (0002-4803-31)  / 30 TABLET, FILM COATED in 1 BOTTLE (0002-4803-01) ",true,FDA NDC directory product record / labeler-code lookup
00002483901,orforglipron,Foundayo,"TABLET, FILM COATED",ORAL,14.5 mg/1,Eli Lilly and Company,2739866,202605,202609,ACTIVE,obesity,Y_product_label,openFDA label by product NDC; Eli Lilly and Company; label effective 20260729; set_id 8ac446c5-feba-474f-a103-23facb9b5c62; classified from indications text,RXNORM+FDA_PRODUCT_9DIGIT,FALSE,orforglipron,0002-4839,NDA,NDA220934,orforglipron 14.5 MG Oral Tablet [Foundayo],,true,FDA NDC directory product record / labeler-code lookup
00002483931,orforglipron,Foundayo,"TABLET, FILM COATED",ORAL,14.5 mg/1,Eli Lilly and Company,2739866,202605,202609,ACTIVE,obesity,Y_product_label,openFDA label by product NDC; Eli Lilly and Company; label effective 20260729; set_id 8ac446c5-feba-474f-a103-23facb9b5c62; classified from indications text,FDA_NDC_DIRECTORY+RXNORM,FALSE,orforglipron,0002-4839,NDA,NDA220934,orforglipron 14.5 MG Oral Tablet [Foundayo],"1 BOTTLE in 1 CARTON (0002-4839-31)  / 30 TABLET, FILM COATED in 1 BOTTLE (0002-4839-01) ",true,FDA NDC directory product record / labeler-code lookup
00002495301,orforglipron,Foundayo,"TABLET, FILM COATED",ORAL,17.2 mg/1,Eli Lilly and Company,2739870,202605,202609,ACTIVE,obesity,Y_product_label,openFDA label by product NDC; Eli Lilly and Company; label effective 20260729; set_id 8ac446c5-feba-474f-a103-23facb9b5c62; classified from indications text,RXNORM+FDA_PRODUCT_9DIGIT,FALSE,orforglipron,0002-4953,NDA,NDA220934,orforglipron 17.2 MG Oral Tablet [Foundayo],,true,FDA NDC directory product record / labeler-code lookup
00002495331,orforglipron,Foundayo,"TABLET, FILM COATED",ORAL,17.2 mg/1,Eli Lilly and Company,2739870,202605,202609,ACTIVE,obesity,Y_product_label,openFDA label by product NDC; Eli Lilly and Company; label effective 20260729; set_id 8ac446c5-feba-474f-a103-23facb9b5c62; classified from indications text,FDA_NDC_DIRECTORY+RXNORM,FALSE,orforglipron,0002-4953,NDA,NDA220934,orforglipron 17.2 MG Oral Tablet [Foundayo],"1 BOTTLE in 1 CARTON (0002-4953-31)  / 30 TABLET, FILM COATED in 1 BOTTLE (0002-4953-01) ",true,FDA NDC directory product record / labeler-code lookup
00169170430,semaglutide,Ozempic,TABLET,ORAL,4 mg/1,"Novo Nordisk Pharmaceutical Industries, LP",2736946,202604,202609,ACTIVE,diabetes,Y_product_label,"openFDA label by product NDC; Novo Nordisk Pharmaceutical Industries, LP; label effective 20260130; set_id 27f15fac-7d98-4114-a2ec-92494a91da98; classified from indications text",FDA_NDC_DIRECTORY+RXNORM,FALSE,semaglutide,0169-1704,NDA,NDA213051,semaglutide 4 MG Oral Tablet [Ozempic],"30 TABLET in 1 BOTTLE, PLASTIC (0169-1704-30) ",true,FDA NDC directory product record / labeler-code lookup
00169170930,semaglutide,Ozempic,TABLET,ORAL,9 mg/1,"Novo Nordisk Pharmaceutical Industries, LP",2736948,202604,202609,ACTIVE,diabetes,Y_product_label,"openFDA label by product NDC; Novo Nordisk Pharmaceutical Industries, LP; label effective 20260130; set_id 27f15fac-7d98-4114-a2ec-92494a91da98; classified from indications text",FDA_NDC_DIRECTORY+RXNORM,FALSE,semaglutide,0169-1709,NDA,NDA213051,semaglutide 9 MG Oral Tablet [Ozempic],"30 TABLET in 1 BOTTLE, PLASTIC (0169-1709-30) ",true,FDA NDC directory product record / labeler-code lookup
00169171530,semaglutide,Ozempic,TABLET,ORAL,1.5 mg/1,"Novo Nordisk Pharmaceutical Industries, LP",2736944,202604,202609,ACTIVE,diabetes,Y_product_label,"openFDA label by product NDC; Novo Nordisk Pharmaceutical Industries, LP; label effective 20260130; set_id 27f15fac-7d98-4114-a2ec-92494a91da98; classified from indications text",FDA_NDC_DIRECTORY+RXNORM,FALSE,semaglutide,0169-1715,NDA,NDA213051,semaglutide 1.5 MG Oral Tablet [Ozempic],"30 TABLET in 1 BOTTLE, PLASTIC (0169-1715-30) ",true,FDA NDC directory product record / labeler-code lookup
00169171590,semaglutide,Ozempic,TABLET,ORAL,1.5 mg/1,"Novo Nordisk Pharmaceutical Industries, LP",2736944,202604,202609,ACTIVE,diabetes,Y_product_label,"openFDA label by product NDC; Novo Nordisk Pharmaceutical Industries, LP; label effective 20260130; set_id 27f15fac-7d98-4114-a2ec-92494a91da98; classified from indications text",FDA_NDC_DIRECTORY+RXNORM,FALSE,semaglutide,0169-1715,NDA,NDA213051,semaglutide 1.5 MG Oral Tablet [Ozempic],"30 TABLET in 1 BOTTLE, PLASTIC (0169-1715-90) ",true,FDA NDC directory product record / labeler-code lookup
00169413001,semaglutide,Ozempic,"INJECTION, SOLUTION",SUBCUTANEOUS,1.34 mg/mL,"Novo Nordisk Pharmaceutical Industries, LP",2398842,202011,202609,ACTIVE,diabetes,Y_brand_label,no openFDA label for this product NDC; group inherited from same-brand labelled products,RXNORM+FDA_PRODUCT_9DIGIT,FALSE,semaglutide,0169-4130,NDA,NDA209637,3 ML semaglutide 1.34 MG/ML Pen Injector [Ozempic],,true,FDA NDC directory product record / labeler-code lookup
00169413013,semaglutide,Ozempic,"INJECTION, SOLUTION",SUBCUTANEOUS,1.34 mg/mL,"Novo Nordisk Pharmaceutical Industries, LP",2398842,202011,202609,ACTIVE,diabetes,Y_brand_label,no openFDA label for this product NDC; group inherited from same-brand labelled products,FDA_NDC_DIRECTORY+RXNORM,FALSE,semaglutide,0169-4130,NDA,NDA209637,3 ML semaglutide 1.34 MG/ML Pen Injector [Ozempic],"1 SYRINGE, PLASTIC in 1 CARTON (0169-4130-13)  / 3 mL in 1 SYRINGE, PLASTIC (0169-4130-01) ",true,FDA NDC directory product record / labeler-code lookup
00169413211,semaglutide,Ozempic,,,,Novo Nordisk,,201907,202503,SDUD_ONLY,diabetes,Y_brand_label_drugsatfda,classified from labeler code + SDUD product name; confirm labeler code in Drugs@FDA (phase 5) | labeler labeler code confirmed: Novo is the Drugs@FDA sponsor of the brand's application,SDUD_only,FALSE,semaglutide,,,,,,true,labeler code checked against Drugs@FDA sponsor of the brand's application
00169413212,semaglutide,Ozempic,,,,Novo Nordisk,,201801,202603,SDUD_ONLY,diabetes,Y_brand_label_drugsatfda,classified from labeler code + SDUD product name; confirm labeler code in Drugs@FDA (phase 5) | labeler labeler code confirmed: Novo is the Drugs@FDA sponsor of the brand's application,SDUD_only,FALSE,semaglutide,,,,,,true,labeler code checked against Drugs@FDA sponsor of the brand's application
00169413602,semaglutide,Ozempic,,,,Novo Nordisk,,201801,202312,SDUD_ONLY,diabetes,Y_brand_label_drugsatfda,classified from labeler code + SDUD product name; confirm labeler code in Drugs@FDA (phase 5) | labeler labeler code confirmed: Novo is the Drugs@FDA sponsor of the brand's application,SDUD_only,FALSE,semaglutide,,,,,,true,labeler code checked against Drugs@FDA sponsor of the brand's application
00169413611,semaglutide,Ozempic,,,,Novo Nordisk,,201910,202306,SDUD_ONLY,diabetes,Y_brand_label_drugsatfda,classified from labeler code + SDUD product name; confirm labeler code in Drugs@FDA (phase 5) | labeler labeler code confirmed: Novo is the Drugs@FDA sponsor of the brand's application,SDUD_only,FALSE,semaglutide,,,,,,true,labeler code checked against Drugs@FDA sponsor of the brand's application
00169418103,semaglutide,Ozempic,"INJECTION, SOLUTION",SUBCUTANEOUS,.68 mg/mL,"Novo Nordisk Pharmaceutical Industries, LP",2619154,202211,202609,ACTIVE,diabetes,Y_brand_label,no openFDA label for this product NDC; group inherited from same-brand labelled products,RXNORM+FDA_PRODUCT_9DIGIT,FALSE,semaglutide,0169-4181,NDA,NDA209637,"0.25 MG, 0.5 MG Dose 3 ML semaglutide 0.68 MG/ML Pen Injector [Ozempic]",,true,FDA NDC directory product record / labeler-code lookup
00169418113,semaglutide,Ozempic,"INJECTION, SOLUTION",SUBCUTANEOUS,.68 mg/mL,"Novo Nordisk Pharmaceutical Industries, LP",2619154,202211,202609,ACTIVE,diabetes,Y_brand_label,no openFDA label for this product NDC; group inherited from same-brand labelled products,FDA_NDC_DIRECTORY+RXNORM,FALSE,semaglutide,0169-4181,NDA,NDA209637,"0.25 MG, 0.5 MG Dose 3 ML semaglutide 0.68 MG/ML Pen Injector [Ozempic]","1 SYRINGE, PLASTIC in 1 CARTON (0169-4181-13)  / 3 mL in 1 SYRINGE, PLASTIC (0169-4181-03) ",true,FDA NDC directory product record / labeler-code lookup
00169418190,semaglutide,Ozempic,"INJECTION, SOLUTION",SUBCUTANEOUS,.68 mg/mL,"Novo Nordisk Pharmaceutical Industries, LP",2619154,202211,202609,ACTIVE,diabetes,Y_brand_label,no openFDA label for this product NDC; group inherited from same-brand labelled products,RXNORM+FDA_PRODUCT_9DIGIT,FALSE,semaglutide,0169-4181,NDA,NDA209637,"0.25 MG, 0.5 MG Dose 3 ML semaglutide 0.68 MG/ML Pen Injector [Ozempic]",,true,FDA NDC directory product record / labeler-code lookup
00169418197,semaglutide,Ozempic,"INJECTION, SOLUTION",SUBCUTANEOUS,.68 mg/mL,"Novo Nordisk Pharmaceutical Industries, LP",2619154,202211,202609,ACTIVE,diabetes,Y_brand_label,no openFDA label for this product NDC; group inherited from same-brand labelled products,FDA_NDC_DIRECTORY+RXNORM,FALSE,semaglutide,0169-4181,NDA,NDA209637,"0.25 MG, 0.5 MG Dose 3 ML semaglutide 0.68 MG/ML Pen Injector [Ozempic]","1 SYRINGE, PLASTIC in 1 CARTON (0169-4181-97)  / 3 mL in 1 SYRINGE, PLASTIC (0169-4181-90) ",true,FDA NDC directory product record / labeler-code lookup
00169477211,semaglutide,Ozempic,"INJECTION, SOLUTION",SUBCUTANEOUS,2.68 mg/mL,"Novo Nordisk Pharmaceutical Industries, LP",2599365,202205,202609,ACTIVE,diabetes,Y_brand_label,no openFDA label for this product NDC; group inherited from same-brand labelled products,RXNORM+FDA_PRODUCT_9DIGIT,FALSE,semaglutide,0169-4772,NDA,NDA209637,3 ML semaglutide 2.68 MG/ML Pen Injector [Ozempic],,true,FDA NDC directory product record / labeler-code lookup
00169477212,semaglutide,Ozempic,"INJECTION, SOLUTION",SUBCUTANEOUS,2.68 mg/mL,"Novo Nordisk Pharmaceutical Industries, LP",2599365,202205,202609,ACTIVE,diabetes,Y_brand_label,no openFDA label for this product NDC; group inherited from same-brand labelled products,FDA_NDC_DIRECTORY+RXNORM,FALSE,semaglutide,0169-4772,NDA,NDA209637,3 ML semaglutide 2.68 MG/ML Pen Injector [Ozempic],"1 SYRINGE, PLASTIC in 1 CARTON (0169-4772-12)  / 3 mL in 1 SYRINGE, PLASTIC (0169-4772-11) ",true,FDA NDC directory product record / labeler-code lookup
00169477290,semaglutide,Ozempic,"INJECTION, SOLUTION",SUBCUTANEOUS,2.68 mg/mL,"Novo Nordisk Pharmaceutical Industries, LP",2599365,202207,202609,ACTIVE,diabetes,Y_brand_label,no openFDA label for this product NDC; group inherited from same-brand labelled products,RXNORM+FDA_PRODUCT_9DIGIT,FALSE,semaglutide,0169-4772,NDA,NDA209637,3 ML semaglutide 2.68 MG/ML Pen Injector [Ozempic],,true,FDA NDC directory product record / labeler-code lookup
00169477297,semaglutide,Ozempic,"INJECTION, SOLUTION",SUBCUTANEOUS,2.68 mg/mL,"Novo Nordisk Pharmaceutical Industries, LP",2599365,202207,202609,ACTIVE,diabetes,Y_brand_label,no openFDA label for this product NDC; group inherited from same-brand labelled products,FDA_NDC_DIRECTORY+RXNORM,FALSE,semaglutide,0169-4772,NDA,NDA209637,3 ML semaglutide 2.68 MG/ML Pen Injector [Ozempic],"1 SYRINGE, PLASTIC in 1 CARTON (0169-4772-97)  / 3 mL in 1 SYRINGE, PLASTIC (0169-4772-90) ",true,FDA NDC directory product record / labeler-code lookup
50090594900,semaglutide,Ozempic,"INJECTION, SOLUTION",SUBCUTANEOUS,1.34 mg/mL,A-S Medication Solutions,2398842,202206,202609,ACTIVE,diabetes,Y_product_label,openFDA label by product NDC; A-S Medication Solutions; label effective 20231122; set_id 979e4df4-0597-48ea-b51c-0f699fa6d166; classified from indications text,FDA_NDC_DIRECTORY+RXNORM,FALSE,semaglutide,50090-5949,NDA,NDA209637,3 ML semaglutide 1.34 MG/ML Pen Injector [Ozempic],"1 SYRINGE, PLASTIC in 1 CARTON (50090-5949-0)  / 3 mL in 1 SYRINGE, PLASTIC",true,FDA NDC directory product record / labeler-code lookup
50090605100,semaglutide,Ozempic,"INJECTION, SOLUTION",SUBCUTANEOUS,2.68 mg/mL,A-S Medication Solutions,2599365,202209,202609,ACTIVE,diabetes,Y_product_label,openFDA label by product NDC; A-S Medication Solutions; label effective 20231117; set_id e6da837c-0da0-41d6-973c-5559bf764367; classified from indications text,FDA_NDC_DIRECTORY+RXNORM,FALSE,semaglutide,50090-6051,NDA,NDA209637,3 ML semaglutide 2.68 MG/ML Pen Injector [Ozempic],"1 SYRINGE, PLASTIC in 1 CARTON (50090-6051-0)  / 3 mL in 1 SYRINGE, PLASTIC",true,FDA NDC directory product record / labeler-code lookup
50090802700,semaglutide,Ozempic,"INJECTION, SOLUTION",SUBCUTANEOUS,.68 mg/mL,A-S Medication Solutions,2619154,202609,202609,ACTIVE,diabetes,Y_product_label,openFDA label by product NDC; A-S Medication Solutions; label effective 20260730; set_id 42bdd912-2393-44c4-b7e0-47672ca28991; classified from indications text,FDA_NDC_DIRECTORY+RXNORM,FALSE,semaglutide,50090-8027,NDA,NDA209637,"0.25 MG, 0.5 MG Dose 3 ML semaglutide 0.68 MG/ML Pen Injector [Ozempic]","1 SYRINGE, PLASTIC in 1 CARTON (50090-8027-0)  / 3 mL in 1 SYRINGE, PLASTIC",true,FDA NDC directory product record / labeler-code lookup
00169430301,semaglutide,Rybelsus,TABLET,ORAL,3 mg/1,"Novo Nordisk Pharmaceutical Industries, LP",2200654,201910,202609,ACTIVE,diabetes,Y_product_label,"openFDA label by product NDC; Novo Nordisk Pharmaceutical Industries, LP; label effective 20260130; set_id 27f15fac-7d98-4114-a2ec-92494a91da98; classified from indications text",RXNORM+FDA_PRODUCT_9DIGIT,FALSE,semaglutide,0169-4303,NDA,NDA213051,semaglutide 3 MG Oral Tablet [Rybelsus],,true,FDA NDC directory product record / labeler-code lookup
00169430313,semaglutide,Rybelsus,TABLET,ORAL,3 mg/1,"Novo Nordisk Pharmaceutical Industries, LP",2200654,201910,202609,ACTIVE,diabetes,Y_product_label,"openFDA label by product NDC; Novo Nordisk Pharmaceutical Industries, LP; label effective 20260130; set_id 27f15fac-7d98-4114-a2ec-92494a91da98; classified from indications text",RXNORM+FDA_PRODUCT_9DIGIT,FALSE,semaglutide,0169-4303,NDA,NDA213051,semaglutide 3 MG Oral Tablet [Rybelsus],,true,FDA NDC directory product record / labeler-code lookup
00169430330,semaglutide,Rybelsus,TABLET,ORAL,3 mg/1,"Novo Nordisk Pharmaceutical Industries, LP",2200654,202106,202609,ACTIVE,diabetes,Y_product_label,"openFDA label by product NDC; Novo Nordisk Pharmaceutical Industries, LP; label effective 20260130; set_id 27f15fac-7d98-4114-a2ec-92494a91da98; classified from indications text",FDA_NDC_DIRECTORY+RXNORM,FALSE,semaglutide,0169-4303,NDA,NDA213051,semaglutide 3 MG Oral Tablet [Rybelsus],"30 TABLET in 1 BOTTLE, PLASTIC (0169-4303-30) ",true,FDA NDC directory product record / labeler-code lookup
00169430390,semaglutide,Rybelsus,TABLET,ORAL,3 mg/1,"Novo Nordisk Pharmaceutical Industries, LP",2200654,201910,202609,ACTIVE,diabetes,Y_product_label,"openFDA label by product NDC; Novo Nordisk Pharmaceutical Industries, LP; label effective 20260130; set_id 27f15fac-7d98-4114-a2ec-92494a91da98; classified from indications text",RXNORM+FDA_PRODUCT_9DIGIT,FALSE,semaglutide,0169-4303,NDA,NDA213051,semaglutide 3 MG Oral Tablet [Rybelsus],,true,FDA NDC directory product record / labeler-code lookup
00169430393,semaglutide,Rybelsus,TABLET,ORAL,3 mg/1,"Novo Nordisk Pharmaceutical Industries, LP",2200654,201910,202609,ACTIVE,diabetes,Y_product_label,"openFDA label by product NDC; Novo Nordisk Pharmaceutical Industries, LP; label effective 20260130; set_id 27f15fac-7d98-4114-a2ec-92494a91da98; classified from indications text",RXNORM+FDA_PRODUCT_9DIGIT,FALSE,semaglutide,0169-4303,NDA,NDA213051,semaglutide 3 MG Oral Tablet [Rybelsus],,true,FDA NDC directory product record / labeler-code lookup
00169430399,semaglutide,Rybelsus,TABLET,ORAL,3 mg/1,"Novo Nordisk Pharmaceutical Industries, LP",2200654,202106,202609,ACTIVE,diabetes,Y_product_label,"openFDA label by product NDC; Novo Nordisk Pharmaceutical Industries, LP; label effective 20260130; set_id 27f15fac-7d98-4114-a2ec-92494a91da98; classified from indications text",FDA_NDC_DIRECTORY+RXNORM,FALSE,semaglutide,0169-4303,NDA,NDA213051,semaglutide 3 MG Oral Tablet [Rybelsus],"30 TABLET in 1 BOTTLE, PLASTIC (0169-4303-99) ",true,FDA NDC directory product record / labeler-code lookup
00169430701,semaglutide,Rybelsus,TABLET,ORAL,7 mg/1,"Novo Nordisk Pharmaceutical Industries, LP",2200658,201910,202609,ACTIVE,diabetes,Y_product_label,"openFDA label by product NDC; Novo Nordisk Pharmaceutical Industries, LP; label effective 20260130; set_id 27f15fac-7d98-4114-a2ec-92494a91da98; classified from indications text",RXNORM+FDA_PRODUCT_9DIGIT,FALSE,semaglutide,0169-4307,NDA,NDA213051,semaglutide 7 MG Oral Tablet [Rybelsus],,true,FDA NDC directory product record / labeler-code lookup
00169430713,semaglutide,Rybelsus,TABLET,ORAL,7 mg/1,"Novo Nordisk Pharmaceutical Industries, LP",2200658,201910,202609,ACTIVE,diabetes,Y_product_label,"openFDA label by product NDC; Novo Nordisk Pharmaceutical Industries, LP; label effective 20260130; set_id 27f15fac-7d98-4114-a2ec-92494a91da98; classified from indications text",RXNORM+FDA_PRODUCT_9DIGIT,FALSE,semaglutide,0169-4307,NDA,NDA213051,semaglutide 7 MG Oral Tablet [Rybelsus],,true,FDA NDC directory product record / labeler-code lookup
00169430730,semaglutide,Rybelsus,TABLET,ORAL,7 mg/1,"Novo Nordisk Pharmaceutical Industries, LP",2200658,202106,202609,ACTIVE,diabetes,Y_product_label,"openFDA label by product NDC; Novo Nordisk Pharmaceutical Industries, LP; label effective 20260130; set_id 27f15fac-7d98-4114-a2ec-92494a91da98; classified from indications text",FDA_NDC_DIRECTORY+RXNORM,FALSE,semaglutide,0169-4307,NDA,NDA213051,semaglutide 7 MG Oral Tablet [Rybelsus],"30 TABLET in 1 BOTTLE, PLASTIC (0169-4307-30) ",true,FDA NDC directory product record / labeler-code lookup
00169431401,semaglutide,Rybelsus,TABLET,ORAL,14 mg/1,"Novo Nordisk Pharmaceutical Industries, LP",2200650,201910,202609,ACTIVE,diabetes,Y_product_label,"openFDA label by product NDC; Novo Nordisk Pharmaceutical Industries, LP; label effective 20260130; set_id 27f15fac-7d98-4114-a2ec-92494a91da98; classified from indications text",RXNORM+FDA_PRODUCT_9DIGIT,FALSE,semaglutide,0169-4314,NDA,NDA213051,semaglutide 14 MG Oral Tablet [Rybelsus],,true,FDA NDC directory product record / labeler-code lookup
00169431413,semaglutide,Rybelsus,TABLET,ORAL,14 mg/1,"Novo Nordisk Pharmaceutical Industries, LP",2200650,201910,202609,ACTIVE,diabetes,Y_product_label,"openFDA label by product NDC; Novo Nordisk Pharmaceutical Industries, LP; label effective 20260130; set_id 27f15fac-7d98-4114-a2ec-92494a91da98; classified from indications text",RXNORM+FDA_PRODUCT_9DIGIT,FALSE,semaglutide,0169-4314,NDA,NDA213051,semaglutide 14 MG Oral Tablet [Rybelsus],,true,FDA NDC directory product record / labeler-code lookup
00169431430,semaglutide,Rybelsus,TABLET,ORAL,14 mg/1,"Novo Nordisk Pharmaceutical Industries, LP",2200650,202106,202609,ACTIVE,diabetes,Y_product_label,"openFDA label by product NDC; Novo Nordisk Pharmaceutical Industries, LP; label effective 20260130; set_id 27f15fac-7d98-4114-a2ec-92494a91da98; classified from indications text",FDA_NDC_DIRECTORY+RXNORM,FALSE,semaglutide,0169-4314,NDA,NDA213051,semaglutide 14 MG Oral Tablet [Rybelsus],"30 TABLET in 1 BOTTLE, PLASTIC (0169-4314-30) ",true,FDA NDC directory product record / labeler-code lookup
00169480430,semaglutide,Rybelsus,Oral Tablet,SUBCUTANEOUS,4 MG,Novo Nordisk,2707553,202504,202609,ACTIVE,diabetes,Y_brand_label,no openFDA label for this product NDC; group inherited from same-brand labelled products,RXNORM_ONLY,FALSE,semaglutide,,,,semaglutide 4 MG Oral Tablet [Rybelsus],,true,FDA NDC directory product record / labeler-code lookup
00169480930,semaglutide,Rybelsus,Oral Tablet,SUBCUTANEOUS,9 MG,Novo Nordisk,2707557,202504,202609,ACTIVE,diabetes,Y_brand_label,no openFDA label for this product NDC; group inherited from same-brand labelled products,RXNORM_ONLY,FALSE,semaglutide,,,,semaglutide 9 MG Oral Tablet [Rybelsus],,true,FDA NDC directory product record / labeler-code lookup
00169481530,semaglutide,Rybelsus,Oral Tablet,SUBCUTANEOUS,1.5 MG,Novo Nordisk,2707549,202504,202609,ACTIVE,diabetes,Y_brand_label,no openFDA label for this product NDC; group inherited from same-brand labelled products,RXNORM_ONLY,FALSE,semaglutide,,,,semaglutide 1.5 MG Oral Tablet [Rybelsus],,true,FDA NDC directory product record / labeler-code lookup
00169481590,semaglutide,Rybelsus,Oral Tablet,SUBCUTANEOUS,1.5 MG,Novo Nordisk,2707549,202504,202603,OBSOLETE,diabetes,Y_brand_label,no openFDA label for this product NDC; group inherited from same-brand labelled products,RXNORM_ONLY,FALSE,semaglutide,,,,semaglutide 1.5 MG Oral Tablet [Rybelsus],,true,FDA NDC directory product record / labeler-code lookup
00169440431,semaglutide,Wegovy,TABLET,ORAL,4 mg/1,"Novo Nordisk Pharmaceutical Industries, LP",2730167,202602,202609,ACTIVE,obesity,Y_brand_label,no openFDA label for this product NDC; group inherited from same-brand labelled products,FDA_NDC_DIRECTORY+RXNORM,FALSE,semaglutide,0169-4404,NDA,NDA218316,semaglutide 4 MG Oral Tablet [Wegovy],"30 TABLET in 1 BOTTLE, PLASTIC (0169-4404-31) ",true,FDA NDC directory product record / labeler-code lookup
00169440931,semaglutide,Wegovy,TABLET,ORAL,9 mg/1,"Novo Nordisk Pharmaceutical Industries, LP",2730169,202602,202609,ACTIVE,obesity,Y_brand_label,no openFDA label for this product NDC; group inherited from same-brand labelled products,FDA_NDC_DIRECTORY+RXNORM,FALSE,semaglutide,0169-4409,NDA,NDA218316,semaglutide 9 MG Oral Tablet [Wegovy],"30 TABLET in 1 BOTTLE, PLASTIC (0169-4409-31) ",true,FDA NDC directory product record / labeler-code lookup
00169441531,semaglutide,Wegovy,TABLET,ORAL,1.5 mg/1,"Novo Nordisk Pharmaceutical Industries, LP",2730161,202602,202609,ACTIVE,obesity,Y_brand_label,no openFDA label for this product NDC; group inherited from same-brand labelled products,FDA_NDC_DIRECTORY+RXNORM,FALSE,semaglutide,0169-4415,NDA,NDA218316,semaglutide 1.5 MG Oral Tablet [Wegovy],"30 TABLET in 1 BOTTLE, PLASTIC (0169-4415-31) ",true,FDA NDC directory product record / labeler-code lookup
00169441592,semaglutide,Wegovy,TABLET,ORAL,1.5 mg/1,"Novo Nordisk Pharmaceutical Industries, LP",2730161,202602,202609,ACTIVE,obesity,Y_brand_label,no openFDA label for this product NDC; group inherited from same-brand labelled products,FDA_NDC_DIRECTORY+RXNORM,FALSE,semaglutide,0169-4415,NDA,NDA218316,semaglutide 1.5 MG Oral Tablet [Wegovy],"30 TABLET in 1 BOTTLE, PLASTIC (0169-4415-92) ",true,FDA NDC directory product record / labeler-code lookup
00169442531,semaglutide,Wegovy,TABLET,ORAL,25 mg/1,"Novo Nordisk Pharmaceutical Industries, LP",2730165,202602,202609,ACTIVE,obesity,Y_brand_label,no openFDA label for this product NDC; group inherited from same-brand labelled products,FDA_NDC_DIRECTORY+RXNORM,FALSE,semaglutide,0169-4425,NDA,NDA218316,semaglutide 25 MG Oral Tablet [Wegovy],"30 TABLET in 1 BOTTLE, PLASTIC (0169-4425-31) ",true,FDA NDC directory product record / labeler-code lookup
00169450101,semaglutide,Wegovy,"INJECTION, SOLUTION",SUBCUTANEOUS,1 mg/.5mL,"Novo Nordisk Pharmaceutical Industries, LP",2553803,202107,202609,ACTIVE,obesity,Y_brand_label,no openFDA label for this product NDC; group inherited from same-brand labelled products,RXNORM+FDA_PRODUCT_9DIGIT,FALSE,semaglutide,0169-4501,NDA,NDA215256,0.5 ML semaglutide 2 MG/ML Auto-Injector [Wegovy],,true,FDA NDC directory product record / labeler-code lookup
00169450114,semaglutide,Wegovy,"INJECTION, SOLUTION",SUBCUTANEOUS,1 mg/.5mL,"Novo Nordisk Pharmaceutical Industries, LP",2553803,202107,202609,ACTIVE,obesity,Y_brand_label,no openFDA label for this product NDC; group inherited from same-brand labelled products,FDA_NDC_DIRECTORY+RXNORM,FALSE,semaglutide,0169-4501,NDA,NDA215256,0.5 ML semaglutide 2 MG/ML Auto-Injector [Wegovy],"4 SYRINGE, PLASTIC in 1 CARTON (0169-4501-14)  / .5 mL in 1 SYRINGE, PLASTIC (0169-4501-01) ",true,FDA NDC directory product record / labeler-code lookup
00169450501,semaglutide,Wegovy,"INJECTION, SOLUTION",SUBCUTANEOUS,.5 mg/.5mL,"Novo Nordisk Pharmaceutical Industries, LP",2553603,202107,202609,ACTIVE,obesity,Y_brand_label,no openFDA label for this product NDC; group inherited from same-brand labelled products,RXNORM+FDA_PRODUCT_9DIGIT,FALSE,semaglutide,0169-4505,NDA,NDA215256,0.5 ML semaglutide 1 MG/ML Auto-Injector [Wegovy],,true,FDA NDC directory product record / labeler-code lookup
00169450514,semaglutide,Wegovy,"INJECTION, SOLUTION",SUBCUTANEOUS,.5 mg/.5mL,"Novo Nordisk Pharmaceutical Industries, LP",2553603,202107,202609,ACTIVE,obesity,Y_brand_label,no openFDA label for this product NDC; group inherited from same-brand labelled products,FDA_NDC_DIRECTORY+RXNORM,FALSE,semaglutide,0169-4505,NDA,NDA215256,0.5 ML semaglutide 1 MG/ML Auto-Injector [Wegovy],"4 SYRINGE, PLASTIC in 1 CARTON (0169-4505-14)  / .5 mL in 1 SYRINGE, PLASTIC (0169-4505-01) ",true,FDA NDC directory product record / labeler-code lookup
00169451701,semaglutide,Wegovy,"INJECTION, SOLUTION",SUBCUTANEOUS,1.7 mg/.75mL,"Novo Nordisk Pharmaceutical Industries, LP",2553903,202107,202609,ACTIVE,obesity,Y_brand_label,no openFDA label for this product NDC; group inherited from same-brand labelled products,RXNORM+FDA_PRODUCT_9DIGIT,FALSE,semaglutide,0169-4517,NDA,NDA215256,0.75 ML semaglutide 2.27 MG/ML Auto-Injector [Wegovy],,true,FDA NDC directory product record / labeler-code lookup
00169451714,semaglutide,Wegovy,"INJECTION, SOLUTION",SUBCUTANEOUS,1.7 mg/.75mL,"Novo Nordisk Pharmaceutical Industries, LP",2553903,202107,202609,ACTIVE,obesity,Y_brand_label,no openFDA label for this product NDC; group inherited from same-brand labelled products,FDA_NDC_DIRECTORY+RXNORM,FALSE,semaglutide,0169-4517,NDA,NDA215256,0.75 ML semaglutide 2.27 MG/ML Auto-Injector [Wegovy],"4 SYRINGE, PLASTIC in 1 CARTON (0169-4517-14)  / .5 mL in 1 SYRINGE, PLASTIC (0169-4517-01) ",true,FDA NDC directory product record / labeler-code lookup
00169452401,semaglutide,Wegovy,"INJECTION, SOLUTION",SUBCUTANEOUS,2.4 mg/.75mL,"Novo Nordisk Pharmaceutical Industries, LP",2554104,202107,202609,ACTIVE,obesity,Y_brand_label,no openFDA label for this product NDC; group inherited from same-brand labelled products,RXNORM+FDA_PRODUCT_9DIGIT,FALSE,semaglutide,0169-4524,NDA,NDA215256,0.75 ML semaglutide 3.2 MG/ML Auto-Injector [Wegovy],,true,FDA NDC directory product record / labeler-code lookup
00169452414,semaglutide,Wegovy,"INJECTION, SOLUTION",SUBCUTANEOUS,2.4 mg/.75mL,"Novo Nordisk Pharmaceutical Industries, LP",2554104,202107,202609,ACTIVE,obesity,Y_brand_label,no openFDA label for this product NDC; group inherited from same-brand labelled products,FDA_NDC_DIRECTORY+RXNORM,FALSE,semaglutide,0169-4524,NDA,NDA215256,0.75 ML semaglutide 3.2 MG/ML Auto-Injector [Wegovy],"4 SYRINGE, PLASTIC in 1 CARTON (0169-4524-14)  / .75 mL in 1 SYRINGE, PLASTIC (0169-4524-01) ",true,FDA NDC directory product record / labeler-code lookup
00169452501,semaglutide,Wegovy,"INJECTION, SOLUTION",SUBCUTANEOUS,.25 mg/.5mL,"Novo Nordisk Pharmaceutical Industries, LP",2553506,202107,202609,ACTIVE,obesity,Y_brand_label,no openFDA label for this product NDC; group inherited from same-brand labelled products,RXNORM+FDA_PRODUCT_9DIGIT,FALSE,semaglutide,0169-4525,NDA,NDA215256,0.5 ML semaglutide 0.5 MG/ML Auto-Injector [Wegovy],,true,FDA NDC directory product record / labeler-code lookup
00169452514,semaglutide,Wegovy,"INJECTION, SOLUTION",SUBCUTANEOUS,.25 mg/.5mL,"Novo Nordisk Pharmaceutical Industries, LP",2553506,202107,202609,ACTIVE,obesity,Y_brand_label,no openFDA label for this product NDC; group inherited from same-brand labelled products,FDA_NDC_DIRECTORY+RXNORM,FALSE,semaglutide,0169-4525,NDA,NDA215256,0.5 ML semaglutide 0.5 MG/ML Auto-Injector [Wegovy],"4 SYRINGE, PLASTIC in 1 CARTON (0169-4525-14)  / .5 mL in 1 SYRINGE, PLASTIC (0169-4525-01) ",true,FDA NDC directory product record / labeler-code lookup
00169452590,semaglutide,Wegovy,"INJECTION, SOLUTION",SUBCUTANEOUS,.25 mg/.5mL,"Novo Nordisk Pharmaceutical Industries, LP",2553506,202107,202609,ACTIVE,obesity,Y_brand_label,no openFDA label for this product NDC; group inherited from same-brand labelled products,RXNORM+FDA_PRODUCT_9DIGIT,FALSE,semaglutide,0169-4525,NDA,NDA215256,0.5 ML semaglutide 0.5 MG/ML Auto-Injector [Wegovy],,true,FDA NDC directory product record / labeler-code lookup
00169452594,semaglutide,Wegovy,"INJECTION, SOLUTION",SUBCUTANEOUS,.25 mg/.5mL,"Novo Nordisk Pharmaceutical Industries, LP",2553506,202107,202609,ACTIVE,obesity,Y_brand_label,no openFDA label for this product NDC; group inherited from same-brand labelled products,FDA_NDC_DIRECTORY+RXNORM,FALSE,semaglutide,0169-4525,NDA,NDA215256,0.5 ML semaglutide 0.5 MG/ML Auto-Injector [Wegovy],"4 SYRINGE, PLASTIC in 1 CARTON (0169-4525-94)  / .5 mL in 1 SYRINGE, PLASTIC (0169-4525-90) ",true,FDA NDC directory product record / labeler-code lookup
00169457201,semaglutide,Wegovy,"INJECTION, SOLUTION",SUBCUTANEOUS,7.2 mg/.75mL,"Novo Nordisk Pharmaceutical Industries, LP",2739771,202605,202609,ACTIVE,obesity,Y_brand_label,no openFDA label for this product NDC; group inherited from same-brand labelled products,RXNORM+FDA_PRODUCT_9DIGIT,FALSE,semaglutide,0169-4572,NDA,NDA215256,0.75 ML semaglutide 9.6 MG/ML Auto-Injector [Wegovy],,true,FDA NDC directory product record / labeler-code lookup
00169457214,semaglutide,Wegovy,"INJECTION, SOLUTION",SUBCUTANEOUS,7.2 mg/.75mL,"Novo Nordisk Pharmaceutical Industries, LP",2739771,202605,202609,ACTIVE,obesity,Y_brand_label,no openFDA label for this product NDC; group inherited from same-brand labelled products,FDA_NDC_DIRECTORY+RXNORM,FALSE,semaglutide,0169-4572,NDA,NDA215256,0.75 ML semaglutide 9.6 MG/ML Auto-Injector [Wegovy],"4 SYRINGE, PLASTIC in 1 CARTON (0169-4572-14)  / .75 mL in 1 SYRINGE, PLASTIC (0169-4572-01) ",true,FDA NDC directory product record / labeler-code lookup
00169491503,semaglutide,Wegovy,"INJECTION, SOLUTION",SUBCUTANEOUS,3.2 mg/mL,"Novo Nordisk Pharmaceutical Industries, LP",2745804,202608,202609,ACTIVE,obesity,Y_brand_label,no openFDA label for this product NDC; group inherited from same-brand labelled products,RXNORM+FDA_PRODUCT_9DIGIT,FALSE,semaglutide,0169-4915,NDA,NDA215256,3 ML semaglutide 3.2 MG/ML Pen Injector [Wegovy],,true,FDA NDC directory product record / labeler-code lookup
00169491532,semaglutide,Wegovy,"INJECTION, SOLUTION",SUBCUTANEOUS,3.2 mg/mL,"Novo Nordisk Pharmaceutical Industries, LP",2745804,202608,202609,ACTIVE,obesity,Y_brand_label,no openFDA label for this product NDC; group inherited from same-brand labelled products,RXNORM+FDA_PRODUCT_9DIGIT,FALSE,semaglutide,0169-4915,NDA,NDA215256,3 ML semaglutide 3.2 MG/ML Pen Injector [Wegovy],,true,FDA NDC directory product record / labeler-code lookup
50090582400,semaglutide,Wegovy,"INJECTION, SOLUTION",SUBCUTANEOUS,.25 mg/.5mL,A-S Medication Solutions,2553506,202112,202609,ACTIVE,obesity,Y_product_label,openFDA label by product NDC; A-S Medication Solutions; label effective 20240423; set_id f5e548d0-cc79-4c34-a3f5-e20a5b8b6564; classified from indications text,FDA_NDC_DIRECTORY+RXNORM,FALSE,semaglutide,50090-5824,NDA,NDA215256,0.5 ML semaglutide 0.5 MG/ML Auto-Injector [Wegovy],"4 SYRINGE, PLASTIC in 1 CARTON (50090-5824-0)  / .5 mL in 1 SYRINGE, PLASTIC",true,FDA NDC directory product record / labeler-code lookup
00002115201,tirzepatide,Mounjaro,"INJECTION, SOLUTION",SUBCUTANEOUS,2.5 mg/.5mL,Eli Lilly and Company,2644407,202309,202609,ACTIVE,diabetes,Y_product_label,openFDA label by product NDC; Eli Lilly and Company; label effective 20260827; set_id d2d7da5d-ad07-4228-955f-cf7e355c8cc0; classified from indications text,FDA_NDC_DIRECTORY+RXNORM,FALSE,tirzepatide,0002-1152,NDA,NDA215866,0.5 ML tirzepatide 5 MG/ML Injection [Mounjaro],"1 VIAL, SINGLE-DOSE in 1 CARTON (0002-1152-01)  / .5 mL in 1 VIAL, SINGLE-DOSE",true,FDA NDC directory product record / labeler-code lookup
00002124301,tirzepatide,Mounjaro,"INJECTION, SOLUTION",SUBCUTANEOUS,5 mg/.5mL,Eli Lilly and Company,2644403,202309,202609,ACTIVE,diabetes,Y_product_label,openFDA label by product NDC; Eli Lilly and Company; label effective 20260827; set_id d2d7da5d-ad07-4228-955f-cf7e355c8cc0; classified from indications text,FDA_NDC_DIRECTORY+RXNORM,FALSE,tirzepatide,0002-1243,NDA,NDA215866,0.5 ML tirzepatide 10 MG/ML Injection [Mounjaro],"1 VIAL, SINGLE-DOSE in 1 CARTON (0002-1243-01)  / .5 mL in 1 VIAL, SINGLE-DOSE",true,FDA NDC directory product record / labeler-code lookup
00002145701,tirzepatide,Mounjaro,"INJECTION, SOLUTION",SUBCUTANEOUS,15 mg/.5mL,Eli Lilly and Company,2601758,202206,202609,ACTIVE,diabetes,Y_product_label,openFDA label by product NDC; Eli Lilly and Company; label effective 20260827; set_id d2d7da5d-ad07-4228-955f-cf7e355c8cc0; classified from indications text,RXNORM+FDA_PRODUCT_9DIGIT,FALSE,tirzepatide,0002-1457,NDA,NDA215866,0.5 ML tirzepatide 30 MG/ML Auto-Injector [Mounjaro],,true,FDA NDC directory product record / labeler-code lookup
00002145780,tirzepatide,Mounjaro,"INJECTION, SOLUTION",SUBCUTANEOUS,15 mg/.5mL,Eli Lilly and Company,2601758,202206,202609,ACTIVE,diabetes,Y_product_label,openFDA label by product NDC; Eli Lilly and Company; label effective 20260827; set_id d2d7da5d-ad07-4228-955f-cf7e355c8cc0; classified from indications text,FDA_NDC_DIRECTORY+RXNORM,FALSE,tirzepatide,0002-1457,NDA,NDA215866,0.5 ML tirzepatide 30 MG/ML Auto-Injector [Mounjaro],4 SYRINGE in 1 CARTON (0002-1457-80)  / .5 mL in 1 SYRINGE (0002-1457-01) ,true,FDA NDC directory product record / labeler-code lookup
00002146001,tirzepatide,Mounjaro,"INJECTION, SOLUTION",SUBCUTANEOUS,12.5 mg/.5mL,Eli Lilly and Company,2601776,202206,202609,ACTIVE,diabetes,Y_product_label,openFDA label by product NDC; Eli Lilly and Company; label effective 20260827; set_id d2d7da5d-ad07-4228-955f-cf7e355c8cc0; classified from indications text,RXNORM+FDA_PRODUCT_9DIGIT,FALSE,tirzepatide,0002-1460,NDA,NDA215866,0.5 ML tirzepatide 25 MG/ML Auto-Injector [Mounjaro],,true,FDA NDC directory product record / labeler-code lookup
00002146080,tirzepatide,Mounjaro,"INJECTION, SOLUTION",SUBCUTANEOUS,12.5 mg/.5mL,Eli Lilly and Company,2601776,202206,202609,ACTIVE,diabetes,Y_product_label,openFDA label by product NDC; Eli Lilly and Company; label effective 20260827; set_id d2d7da5d-ad07-4228-955f-cf7e355c8cc0; classified from indications text,FDA_NDC_DIRECTORY+RXNORM,FALSE,tirzepatide,0002-1460,NDA,NDA215866,0.5 ML tirzepatide 25 MG/ML Auto-Injector [Mounjaro],4 SYRINGE in 1 CARTON (0002-1460-80)  / .5 mL in 1 SYRINGE (0002-1460-01) ,true,FDA NDC directory product record / labeler-code lookup
00002147101,tirzepatide,Mounjaro,"INJECTION, SOLUTION",SUBCUTANEOUS,10 mg/.5mL,Eli Lilly and Company,2601770,202206,202609,ACTIVE,diabetes,Y_product_label,openFDA label by product NDC; Eli Lilly and Company; label effective 20260827; set_id d2d7da5d-ad07-4228-955f-cf7e355c8cc0; classified from indications text,RXNORM+FDA_PRODUCT_9DIGIT,FALSE,tirzepatide,0002-1471,NDA,NDA215866,0.5 ML tirzepatide 20 MG/ML Auto-Injector [Mounjaro],,true,FDA NDC directory product record / labeler-code lookup
00002147180,tirzepatide,Mounjaro,"INJECTION, SOLUTION",SUBCUTANEOUS,10 mg/.5mL,Eli Lilly and Company,2601770,202206,202609,ACTIVE,diabetes,Y_product_label,openFDA label by product NDC; Eli Lilly and Company; label effective 20260827; set_id d2d7da5d-ad07-4228-955f-cf7e355c8cc0; classified from indications text,FDA_NDC_DIRECTORY+RXNORM,FALSE,tirzepatide,0002-1471,NDA,NDA215866,0.5 ML tirzepatide 20 MG/ML Auto-Injector [Mounjaro],4 SYRINGE in 1 CARTON (0002-1471-80)  / .5 mL in 1 SYRINGE (0002-1471-01) ,true,FDA NDC directory product record / labeler-code lookup
00002148401,tirzepatide,Mounjaro,"INJECTION, SOLUTION",SUBCUTANEOUS,7.5 mg/.5mL,Eli Lilly and Company,2601785,202206,202609,ACTIVE,diabetes,Y_product_label,openFDA label by product NDC; Eli Lilly and Company; label effective 20260827; set_id d2d7da5d-ad07-4228-955f-cf7e355c8cc0; classified from indications text,RXNORM+FDA_PRODUCT_9DIGIT,FALSE,tirzepatide,0002-1484,NDA,NDA215866,0.5 ML tirzepatide 15 MG/ML Auto-Injector [Mounjaro],,true,FDA NDC directory product record / labeler-code lookup
00002148480,tirzepatide,Mounjaro,"INJECTION, SOLUTION",SUBCUTANEOUS,7.5 mg/.5mL,Eli Lilly and Company,2601785,202206,202609,ACTIVE,diabetes,Y_product_label,openFDA label by product NDC; Eli Lilly and Company; label effective 20260827; set_id d2d7da5d-ad07-4228-955f-cf7e355c8cc0; classified from indications text,FDA_NDC_DIRECTORY+RXNORM,FALSE,tirzepatide,0002-1484,NDA,NDA215866,0.5 ML tirzepatide 15 MG/ML Auto-Injector [Mounjaro],4 SYRINGE in 1 CARTON (0002-1484-80)  / .5 mL in 1 SYRINGE (0002-1484-01) ,true,FDA NDC directory product record / labeler-code lookup
00002149501,tirzepatide,Mounjaro,"INJECTION, SOLUTION",SUBCUTANEOUS,5 mg/.5mL,Eli Lilly and Company,2601746,202206,202609,ACTIVE,diabetes,Y_product_label,openFDA label by product NDC; Eli Lilly and Company; label effective 20260827; set_id d2d7da5d-ad07-4228-955f-cf7e355c8cc0; classified from indications text,RXNORM+FDA_PRODUCT_9DIGIT,FALSE,tirzepatide,0002-1495,NDA,NDA215866,0.5 ML tirzepatide 10 MG/ML Auto-Injector [Mounjaro],,true,FDA NDC directory product record / labeler-code lookup
00002149580,tirzepatide,Mounjaro,"INJECTION, SOLUTION",SUBCUTANEOUS,5 mg/.5mL,Eli Lilly and Company,2601746,202206,202609,ACTIVE,diabetes,Y_product_label,openFDA label by product NDC; Eli Lilly and Company; label effective 20260827; set_id d2d7da5d-ad07-4228-955f-cf7e355c8cc0; classified from indications text,FDA_NDC_DIRECTORY+RXNORM,FALSE,tirzepatide,0002-1495,NDA,NDA215866,0.5 ML tirzepatide 10 MG/ML Auto-Injector [Mounjaro],4 SYRINGE in 1 CARTON (0002-1495-80)  / .5 mL in 1 SYRINGE (0002-1495-01) ,true,FDA NDC directory product record / labeler-code lookup
00002150601,tirzepatide,Mounjaro,"INJECTION, SOLUTION",SUBCUTANEOUS,2.5 mg/.5mL,Eli Lilly and Company,2601764,202206,202609,ACTIVE,diabetes,Y_product_label,openFDA label by product NDC; Eli Lilly and Company; label effective 20260827; set_id d2d7da5d-ad07-4228-955f-cf7e355c8cc0; classified from indications text,RXNORM+FDA_PRODUCT_9DIGIT,FALSE,tirzepatide,0002-1506,NDA,NDA215866,0.5 ML tirzepatide 5 MG/ML Auto-Injector [Mounjaro],,true,FDA NDC directory product record / labeler-code lookup
00002150661,tirzepatide,Mounjaro,"INJECTION, SOLUTION",SUBCUTANEOUS,2.5 mg/.5mL,Eli Lilly and Company,2601764,202210,202609,ACTIVE,diabetes,Y_product_label,openFDA label by product NDC; Eli Lilly and Company; label effective 20260827; set_id d2d7da5d-ad07-4228-955f-cf7e355c8cc0; classified from indications text,FDA_NDC_DIRECTORY+RXNORM,FALSE,tirzepatide,0002-1506,NDA,NDA215866,0.5 ML tirzepatide 5 MG/ML Auto-Injector [Mounjaro],4 SYRINGE in 1 CARTON (0002-1506-61)  / .5 mL in 1 SYRINGE,true,FDA NDC directory product record / labeler-code lookup
00002150680,tirzepatide,Mounjaro,"INJECTION, SOLUTION",SUBCUTANEOUS,2.5 mg/.5mL,Eli Lilly and Company,2601764,202206,202609,ACTIVE,diabetes,Y_product_label,openFDA label by product NDC; Eli Lilly and Company; label effective 20260827; set_id d2d7da5d-ad07-4228-955f-cf7e355c8cc0; classified from indications text,FDA_NDC_DIRECTORY+RXNORM,FALSE,tirzepatide,0002-1506,NDA,NDA215866,0.5 ML tirzepatide 5 MG/ML Auto-Injector [Mounjaro],4 SYRINGE in 1 CARTON (0002-1506-80)  / .5 mL in 1 SYRINGE (0002-1506-01) ,true,FDA NDC directory product record / labeler-code lookup
00002221401,tirzepatide,Mounjaro,"INJECTION, SOLUTION",SUBCUTANEOUS,7.5 mg/.5mL,Eli Lilly and Company,2644399,202309,202609,ACTIVE,diabetes,Y_product_label,openFDA label by product NDC; Eli Lilly and Company; label effective 20260827; set_id d2d7da5d-ad07-4228-955f-cf7e355c8cc0; classified from indications text,FDA_NDC_DIRECTORY+RXNORM,FALSE,tirzepatide,0002-2214,NDA,NDA215866,0.5 ML tirzepatide 15 MG/ML Injection [Mounjaro],"1 VIAL, SINGLE-DOSE in 1 CARTON (0002-2214-01)  / .5 mL in 1 VIAL, SINGLE-DOSE",true,FDA NDC directory product record / labeler-code lookup
00002234001,tirzepatide,Mounjaro,"INJECTION, SOLUTION",SUBCUTANEOUS,10 mg/.5mL,Eli Lilly and Company,2644419,202309,202609,ACTIVE,diabetes,Y_product_label,openFDA label by product NDC; Eli Lilly and Company; label effective 20260827; set_id d2d7da5d-ad07-4228-955f-cf7e355c8cc0; classified from indications text,FDA_NDC_DIRECTORY+RXNORM,FALSE,tirzepatide,0002-2340,NDA,NDA215866,0.5 ML tirzepatide 20 MG/ML Injection [Mounjaro],"1 VIAL, SINGLE-DOSE in 1 CARTON (0002-2340-01)  / .5 mL in 1 VIAL, SINGLE-DOSE",true,FDA NDC directory product record / labeler-code lookup
00002242301,tirzepatide,Mounjaro,"INJECTION, SOLUTION",SUBCUTANEOUS,12.5 mg/.5mL,Eli Lilly and Company,2644415,202309,202609,ACTIVE,diabetes,Y_product_label,openFDA label by product NDC; Eli Lilly and Company; label effective 20260827; set_id d2d7da5d-ad07-4228-955f-cf7e355c8cc0; classified from indications text,FDA_NDC_DIRECTORY+RXNORM,FALSE,tirzepatide,0002-2423,NDA,NDA215866,0.5 ML tirzepatide 25 MG/ML Injection [Mounjaro],"1 VIAL, SINGLE-DOSE in 1 CARTON (0002-2423-01)  / .5 mL in 1 VIAL, SINGLE-DOSE",true,FDA NDC directory product record / labeler-code lookup
00002300201,tirzepatide,Mounjaro,"INJECTION, SOLUTION",SUBCUTANEOUS,15 mg/.5mL,Eli Lilly and Company,2644411,202309,202609,ACTIVE,diabetes,Y_product_label,openFDA label by product NDC; Eli Lilly and Company; label effective 20260827; set_id d2d7da5d-ad07-4228-955f-cf7e355c8cc0; classified from indications text,FDA_NDC_DIRECTORY+RXNORM,FALSE,tirzepatide,0002-3002,NDA,NDA215866,0.5 ML tirzepatide 30 MG/ML Injection [Mounjaro],"1 VIAL, SINGLE-DOSE in 1 CARTON (0002-3002-01)  / .5 mL in 1 VIAL, SINGLE-DOSE",true,FDA NDC directory product record / labeler-code lookup
00002341101,tirzepatide,Mounjaro,"INJECTION, SOLUTION",SUBCUTANEOUS,25 mg/mL,Eli Lilly and Company,2735297,202603,202609,ACTIVE,diabetes,Y_product_label,openFDA label by product NDC; Eli Lilly and Company; label effective 20260827; set_id d2d7da5d-ad07-4228-955f-cf7e355c8cc0; classified from indications text,RXNORM+FDA_PRODUCT_9DIGIT,FALSE,tirzepatide,0002-3411,NDA,NDA215866,2.4 ML tirzepatide 25 MG/ML Pen Injector [Mounjaro],,true,FDA NDC directory product record / labeler-code lookup
00002341111,tirzepatide,Mounjaro,"INJECTION, SOLUTION",SUBCUTANEOUS,25 mg/mL,Eli Lilly and Company,2735297,202603,202609,ACTIVE,diabetes,Y_product_label,openFDA label by product NDC; Eli Lilly and Company; label effective 20260827; set_id d2d7da5d-ad07-4228-955f-cf7e355c8cc0; classified from indications text,FDA_NDC_DIRECTORY+RXNORM,FALSE,tirzepatide,0002-3411,NDA,NDA215866,2.4 ML tirzepatide 25 MG/ML Pen Injector [Mounjaro],1 SYRINGE in 1 CARTON (0002-3411-11)  / 2.4 mL in 1 SYRINGE (0002-3411-01) ,true,FDA NDC directory product record / labeler-code lookup
00002342201,tirzepatide,Mounjaro,"INJECTION, SOLUTION",SUBCUTANEOUS,20.8 mg/mL,Eli Lilly and Company,2735294,202603,202609,ACTIVE,diabetes,Y_product_label,openFDA label by product NDC; Eli Lilly and Company; label effective 20260827; set_id d2d7da5d-ad07-4228-955f-cf7e355c8cc0; classified from indications text,RXNORM+FDA_PRODUCT_9DIGIT,FALSE,tirzepatide,0002-3422,NDA,NDA215866,2.4 ML tirzepatide 20.8 MG/ML Pen Injector [Mounjaro],,true,FDA NDC directory product record / labeler-code lookup
00002342211,tirzepatide,Mounjaro,"INJECTION, SOLUTION",SUBCUTANEOUS,20.8 mg/mL,Eli Lilly and Company,2735294,202603,202609,ACTIVE,diabetes,Y_product_label,openFDA label by product NDC; Eli Lilly and Company; label effective 20260827; set_id d2d7da5d-ad07-4228-955f-cf7e355c8cc0; classified from indications text,FDA_NDC_DIRECTORY+RXNORM,FALSE,tirzepatide,0002-3422,NDA,NDA215866,2.4 ML tirzepatide 20.8 MG/ML Pen Injector [Mounjaro],1 SYRINGE in 1 CARTON (0002-3422-11)  / 2.4 mL in 1 SYRINGE (0002-3422-01) ,true,FDA NDC directory product record / labeler-code lookup
00002343301,tirzepatide,Mounjaro,"INJECTION, SOLUTION",SUBCUTANEOUS,16.7 mg/mL,Eli Lilly and Company,2735292,202603,202609,ACTIVE,diabetes,Y_product_label,openFDA label by product NDC; Eli Lilly and Company; label effective 20260827; set_id d2d7da5d-ad07-4228-955f-cf7e355c8cc0; classified from indications text,RXNORM+FDA_PRODUCT_9DIGIT,FALSE,tirzepatide,0002-3433,NDA,NDA215866,2.4 ML tirzepatide 16.7 MG/ML Pen Injector [Mounjaro],,true,FDA NDC directory product record / labeler-code lookup
00002343311,tirzepatide,Mounjaro,"INJECTION, SOLUTION",SUBCUTANEOUS,16.7 mg/mL,Eli Lilly and Company,2735292,202603,202609,ACTIVE,diabetes,Y_product_label,openFDA label by product NDC; Eli Lilly and Company; label effective 20260827; set_id d2d7da5d-ad07-4228-955f-cf7e355c8cc0; classified from indications text,FDA_NDC_DIRECTORY+RXNORM,FALSE,tirzepatide,0002-3433,NDA,NDA215866,2.4 ML tirzepatide 16.7 MG/ML Pen Injector [Mounjaro],1 SYRINGE in 1 CARTON (0002-3433-11)  / 2.4 mL in 1 SYRINGE (0002-3433-01) ,true,FDA NDC directory product record / labeler-code lookup
00002344401,tirzepatide,Mounjaro,"INJECTION, SOLUTION",SUBCUTANEOUS,12.5 mg/mL,Eli Lilly and Company,2735290,202603,202609,ACTIVE,diabetes,Y_product_label,openFDA label by product NDC; Eli Lilly and Company; label effective 20260827; set_id d2d7da5d-ad07-4228-955f-cf7e355c8cc0; classified from indications text,RXNORM+FDA_PRODUCT_9DIGIT,FALSE,tirzepatide,0002-3444,NDA,NDA215866,2.4 ML tirzepatide 12.5 MG/ML Pen Injector [Mounjaro],,true,FDA NDC directory product record / labeler-code lookup
00002344411,tirzepatide,Mounjaro,"INJECTION, SOLUTION",SUBCUTANEOUS,12.5 mg/mL,Eli Lilly and Company,2735290,202603,202609,ACTIVE,diabetes,Y_product_label,openFDA label by product NDC; Eli Lilly and Company; label effective 20260827; set_id d2d7da5d-ad07-4228-955f-cf7e355c8cc0; classified from indications text,FDA_NDC_DIRECTORY+RXNORM,FALSE,tirzepatide,0002-3444,NDA,NDA215866,2.4 ML tirzepatide 12.5 MG/ML Pen Injector [Mounjaro],1 SYRINGE in 1 CARTON (0002-3444-11)  / 2.4 mL in 1 SYRINGE (0002-3444-01) ,true,FDA NDC directory product record / labeler-code lookup
00002345501,tirzepatide,Mounjaro,"INJECTION, SOLUTION",SUBCUTANEOUS,8.33 mg/mL,Eli Lilly and Company,2735288,202603,202609,ACTIVE,diabetes,Y_product_label,openFDA label by product NDC; Eli Lilly and Company; label effective 20260827; set_id d2d7da5d-ad07-4228-955f-cf7e355c8cc0; classified from indications text,RXNORM+FDA_PRODUCT_9DIGIT,FALSE,tirzepatide,0002-3455,NDA,NDA215866,2.4 ML tirzepatide 8.33 MG/ML Pen Injector [Mounjaro],,true,FDA NDC directory product record / labeler-code lookup
00002345511,tirzepatide,Mounjaro,"INJECTION, SOLUTION",SUBCUTANEOUS,8.33 mg/mL,Eli Lilly and Company,2735288,202603,202609,ACTIVE,diabetes,Y_product_label,openFDA label by product NDC; Eli Lilly and Company; label effective 20260827; set_id d2d7da5d-ad07-4228-955f-cf7e355c8cc0; classified from indications text,FDA_NDC_DIRECTORY+RXNORM,FALSE,tirzepatide,0002-3455,NDA,NDA215866,2.4 ML tirzepatide 8.33 MG/ML Pen Injector [Mounjaro],1 SYRINGE in 1 CARTON (0002-3455-11)  / 2.4 mL in 1 SYRINGE (0002-3455-01) ,true,FDA NDC directory product record / labeler-code lookup
00002346601,tirzepatide,Mounjaro,"INJECTION, SOLUTION",SUBCUTANEOUS,4.17 mg/mL,Eli Lilly and Company,2735286,202603,202609,ACTIVE,diabetes,Y_product_label,openFDA label by product NDC; Eli Lilly and Company; label effective 20260827; set_id d2d7da5d-ad07-4228-955f-cf7e355c8cc0; classified from indications text,RXNORM+FDA_PRODUCT_9DIGIT,FALSE,tirzepatide,0002-3466,NDA,NDA215866,2.4 ML tirzepatide 4.17 MG/ML Pen Injector [Mounjaro],,true,FDA NDC directory product record / labeler-code lookup
00002346611,tirzepatide,Mounjaro,"INJECTION, SOLUTION",SUBCUTANEOUS,4.17 mg/mL,Eli Lilly and Company,2735286,202603,202609,ACTIVE,diabetes,Y_product_label,openFDA label by product NDC; Eli Lilly and Company; label effective 20260827; set_id d2d7da5d-ad07-4228-955f-cf7e355c8cc0; classified from indications text,FDA_NDC_DIRECTORY+RXNORM,FALSE,tirzepatide,0002-3466,NDA,NDA215866,2.4 ML tirzepatide 4.17 MG/ML Pen Injector [Mounjaro],1 SYRINGE in 1 CARTON (0002-3466-11)  / 2.4 mL in 1 SYRINGE (0002-3466-01) ,true,FDA NDC directory product record / labeler-code lookup
00002405201,tirzepatide,Mounjaro,"INJECTION, SOLUTION",SUBCUTANEOUS,4.17 mg/mL,Eli Lilly and Company,2733673,202603,202609,ACTIVE,diabetes,Y_product_label,openFDA label by product NDC; Eli Lilly and Company; label effective 20260827; set_id d2d7da5d-ad07-4228-955f-cf7e355c8cc0; classified from indications text,RXNORM+FDA_PRODUCT_9DIGIT,FALSE,tirzepatide,0002-4052,NDA,NDA215866,tirzepatide 4.17 MG/ML Injectable Solution [Mounjaro],,true,FDA NDC directory product record / labeler-code lookup
00002405211,tirzepatide,Mounjaro,"INJECTION, SOLUTION",SUBCUTANEOUS,4.17 mg/mL,Eli Lilly and Company,2733673,202603,202609,ACTIVE,diabetes,Y_product_label,openFDA label by product NDC; Eli Lilly and Company; label effective 20260827; set_id d2d7da5d-ad07-4228-955f-cf7e355c8cc0; classified from indications text,FDA_NDC_DIRECTORY+RXNORM,FALSE,tirzepatide,0002-4052,NDA,NDA215866,tirzepatide 4.17 MG/ML Injectable Solution [Mounjaro],"1 VIAL, MULTI-DOSE in 1 CARTON (0002-4052-11)  / 2.4 mL in 1 VIAL, MULTI-DOSE (0002-4052-01) ",true,FDA NDC directory product record / labeler-code lookup
00002410301,tirzepatide,Mounjaro,"INJECTION, SOLUTION",SUBCUTANEOUS,8.33 mg/mL,Eli Lilly and Company,2733675,202603,202609,ACTIVE,diabetes,Y_product_label,openFDA label by product NDC; Eli Lilly and Company; label effective 20260827; set_id d2d7da5d-ad07-4228-955f-cf7e355c8cc0; classified from indications text,RXNORM+FDA_PRODUCT_9DIGIT,FALSE,tirzepatide,0002-4103,NDA,NDA215866,tirzepatide 8.33 MG/ML Injectable Solution [Mounjaro],,true,FDA NDC directory product record / labeler-code lookup
00002410311,tirzepatide,Mounjaro,"INJECTION, SOLUTION",SUBCUTANEOUS,8.33 mg/mL,Eli Lilly and Company,2733675,202603,202609,ACTIVE,diabetes,Y_product_label,openFDA label by product NDC; Eli Lilly and Company; label effective 20260827; set_id d2d7da5d-ad07-4228-955f-cf7e355c8cc0; classified from indications text,FDA_NDC_DIRECTORY+RXNORM,FALSE,tirzepatide,0002-4103,NDA,NDA215866,tirzepatide 8.33 MG/ML Injectable Solution [Mounjaro],"1 VIAL, MULTI-DOSE in 1 CARTON (0002-4103-11)  / 2.4 mL in 1 VIAL, MULTI-DOSE (0002-4103-01) ",true,FDA NDC directory product record / labeler-code lookup
00002421001,tirzepatide,Mounjaro,"INJECTION, SOLUTION",SUBCUTANEOUS,12.5 mg/mL,Eli Lilly and Company,2733666,202603,202609,ACTIVE,diabetes,Y_product_label,openFDA label by product NDC; Eli Lilly and Company; label effective 20260827; set_id d2d7da5d-ad07-4228-955f-cf7e355c8cc0; classified from indications text,RXNORM+FDA_PRODUCT_9DIGIT,FALSE,tirzepatide,0002-4210,NDA,NDA215866,tirzepatide 12.5 MG/ML Injectable Solution [Mounjaro],,true,FDA NDC directory product record / labeler-code lookup
00002421011,tirzepatide,Mounjaro,"INJECTION, SOLUTION",SUBCUTANEOUS,12.5 mg/mL,Eli Lilly and Company,2733666,202603,202609,ACTIVE,diabetes,Y_product_label,openFDA label by product NDC; Eli Lilly and Company; label effective 20260827; set_id d2d7da5d-ad07-4228-955f-cf7e355c8cc0; classified from indications text,FDA_NDC_DIRECTORY+RXNORM,FALSE,tirzepatide,0002-4210,NDA,NDA215866,tirzepatide 12.5 MG/ML Injectable Solution [Mounjaro],"1 VIAL, MULTI-DOSE in 1 CARTON (0002-4210-11)  / 2.4 mL in 1 VIAL, MULTI-DOSE (0002-4210-01) ",true,FDA NDC directory product record / labeler-code lookup
00002430401,tirzepatide,Mounjaro,"INJECTION, SOLUTION",SUBCUTANEOUS,16.7 mg/mL,Eli Lilly and Company,2733668,202603,202609,ACTIVE,diabetes,Y_product_label,openFDA label by product NDC; Eli Lilly and Company; label effective 20260827; set_id d2d7da5d-ad07-4228-955f-cf7e355c8cc0; classified from indications text,RXNORM+FDA_PRODUCT_9DIGIT,FALSE,tirzepatide,0002-4304,NDA,NDA215866,tirzepatide 16.7 MG/ML Injectable Solution [Mounjaro],,true,FDA NDC directory product record / labeler-code lookup
00002430411,tirzepatide,Mounjaro,"INJECTION, SOLUTION",SUBCUTANEOUS,16.7 mg/mL,Eli Lilly and Company,2733668,202603,202609,ACTIVE,diabetes,Y_product_label,openFDA label by product NDC; Eli Lilly and Company; label effective 20260827; set_id d2d7da5d-ad07-4228-955f-cf7e355c8cc0; classified from indications text,FDA_NDC_DIRECTORY+RXNORM,FALSE,tirzepatide,0002-4304,NDA,NDA215866,tirzepatide 16.7 MG/ML Injectable Solution [Mounjaro],"1 VIAL, MULTI-DOSE in 1 CARTON (0002-4304-11)  / 2.4 mL in 1 VIAL, MULTI-DOSE (0002-4304-01) ",true,FDA NDC directory product record / labeler-code lookup
00002452301,tirzepatide,Mounjaro,"INJECTION, SOLUTION",SUBCUTANEOUS,20.8 mg/mL,Eli Lilly and Company,2733670,202603,202609,ACTIVE,diabetes,Y_product_label,openFDA label by product NDC; Eli Lilly and Company; label effective 20260827; set_id d2d7da5d-ad07-4228-955f-cf7e355c8cc0; classified from indications text,RXNORM+FDA_PRODUCT_9DIGIT,FALSE,tirzepatide,0002-4523,NDA,NDA215866,tirzepatide 20.8 MG/ML Injectable Solution [Mounjaro],,true,FDA NDC directory product record / labeler-code lookup
00002452311,tirzepatide,Mounjaro,"INJECTION, SOLUTION",SUBCUTANEOUS,20.8 mg/mL,Eli Lilly and Company,2733670,202603,202609,ACTIVE,diabetes,Y_product_label,openFDA label by product NDC; Eli Lilly and Company; label effective 20260827; set_id d2d7da5d-ad07-4228-955f-cf7e355c8cc0; classified from indications text,FDA_NDC_DIRECTORY+RXNORM,FALSE,tirzepatide,0002-4523,NDA,NDA215866,tirzepatide 20.8 MG/ML Injectable Solution [Mounjaro],"1 VIAL, MULTI-DOSE in 1 CARTON (0002-4523-11)  / 2.4 mL in 1 VIAL, MULTI-DOSE (0002-4523-01) ",true,FDA NDC directory product record / labeler-code lookup
00002461201,tirzepatide,Mounjaro,"INJECTION, SOLUTION",SUBCUTANEOUS,25 mg/mL,Eli Lilly and Company,2733671,202603,202609,ACTIVE,diabetes,Y_product_label,openFDA label by product NDC; Eli Lilly and Company; label effective 20260827; set_id d2d7da5d-ad07-4228-955f-cf7e355c8cc0; classified from indications text,RXNORM+FDA_PRODUCT_9DIGIT,FALSE,tirzepatide,0002-4612,NDA,NDA215866,tirzepatide 25 MG/ML Injectable Solution [Mounjaro],,true,FDA NDC directory product record / labeler-code lookup
00002461211,tirzepatide,Mounjaro,"INJECTION, SOLUTION",SUBCUTANEOUS,25 mg/mL,Eli Lilly and Company,2733671,202603,202609,ACTIVE,diabetes,Y_product_label,openFDA label by product NDC; Eli Lilly and Company; label effective 20260827; set_id d2d7da5d-ad07-4228-955f-cf7e355c8cc0; classified from indications text,FDA_NDC_DIRECTORY+RXNORM,FALSE,tirzepatide,0002-4612,NDA,NDA215866,tirzepatide 25 MG/ML Injectable Solution [Mounjaro],"1 VIAL, MULTI-DOSE in 1 CARTON (0002-4612-11)  / 2.4 mL in 1 VIAL, MULTI-DOSE (0002-4612-01) ",true,FDA NDC directory product record / labeler-code lookup
50090802100,tirzepatide,Mounjaro,"INJECTION, SOLUTION",SUBCUTANEOUS,10 mg/.5mL,A-S Medication Solutions,2601770,202609,202609,ACTIVE,diabetes,Y_product_label,openFDA label by product NDC; A-S Medication Solutions; label effective 20260729; set_id 78aad975-4971-49fa-b4b0-6aa39f76d2e7; classified from indications text,FDA_NDC_DIRECTORY+RXNORM,FALSE,tirzepatide,50090-8021,NDA,NDA215866,0.5 ML tirzepatide 20 MG/ML Auto-Injector [Mounjaro],4 SYRINGE in 1 CARTON (50090-8021-0)  / .5 mL in 1 SYRINGE,true,FDA NDC directory product record / labeler-code lookup
50090802200,tirzepatide,Mounjaro,"INJECTION, SOLUTION",SUBCUTANEOUS,12.5 mg/.5mL,A-S Medication Solutions,2601776,202609,202609,ACTIVE,diabetes,Y_product_label,openFDA label by product NDC; A-S Medication Solutions; label effective 20260729; set_id 78b268b4-9215-44b4-b565-fcec315d027c; classified from indications text,FDA_NDC_DIRECTORY+RXNORM,FALSE,tirzepatide,50090-8022,NDA,NDA215866,0.5 ML tirzepatide 25 MG/ML Auto-Injector [Mounjaro],4 SYRINGE in 1 CARTON (50090-8022-0)  / .5 mL in 1 SYRINGE,true,FDA NDC directory product record / labeler-code lookup
50090802300,tirzepatide,Mounjaro,"INJECTION, SOLUTION",SUBCUTANEOUS,7.5 mg/.5mL,A-S Medication Solutions,2601785,202609,202609,ACTIVE,diabetes,Y_product_label,openFDA label by product NDC; A-S Medication Solutions; label effective 20260729; set_id f4edc99a-ecdb-4a68-bcb4-69fbba2190e8; classified from indications text,FDA_NDC_DIRECTORY+RXNORM,FALSE,tirzepatide,50090-8023,NDA,NDA215866,0.5 ML tirzepatide 15 MG/ML Auto-Injector [Mounjaro],4 SYRINGE in 1 CARTON (50090-8023-0)  / .5 mL in 1 SYRINGE,true,FDA NDC directory product record / labeler-code lookup
50090802400,tirzepatide,Mounjaro,"INJECTION, SOLUTION",SUBCUTANEOUS,5 mg/.5mL,A-S Medication Solutions,2601746,202609,202609,ACTIVE,diabetes,Y_product_label,openFDA label by product NDC; A-S Medication Solutions; label effective 20260729; set_id 7dd5ae1d-2156-44c1-a2d0-4be1bc76420e; classified from indications text,FDA_NDC_DIRECTORY+RXNORM,FALSE,tirzepatide,50090-8024,NDA,NDA215866,0.5 ML tirzepatide 10 MG/ML Auto-Injector [Mounjaro],4 SYRINGE in 1 CARTON (50090-8024-0)  / .5 mL in 1 SYRINGE,true,FDA NDC directory product record / labeler-code lookup
50090802500,tirzepatide,Mounjaro,"INJECTION, SOLUTION",SUBCUTANEOUS,2.5 mg/.5mL,A-S Medication Solutions,2601764,202609,202609,ACTIVE,diabetes,Y_product_label,openFDA label by product NDC; A-S Medication Solutions; label effective 20260729; set_id c1ceb7ca-9976-4ac1-b45c-3975de8aac4c; classified from indications text,FDA_NDC_DIRECTORY+RXNORM,FALSE,tirzepatide,50090-8025,NDA,NDA215866,0.5 ML tirzepatide 5 MG/ML Auto-Injector [Mounjaro],4 SYRINGE in 1 CARTON (50090-8025-0)  / .5 mL in 1 SYRINGE,true,FDA NDC directory product record / labeler-code lookup
50090802600,tirzepatide,Mounjaro,"INJECTION, SOLUTION",SUBCUTANEOUS,15 mg/.5mL,A-S Medication Solutions,2601758,202609,202609,ACTIVE,diabetes,Y_product_label,openFDA label by product NDC; A-S Medication Solutions; label effective 20260729; set_id 0818426a-53eb-4db7-9609-bbae1e7a3964; classified from indications text,FDA_NDC_DIRECTORY+RXNORM,FALSE,tirzepatide,50090-8026,NDA,NDA215866,0.5 ML tirzepatide 30 MG/ML Auto-Injector [Mounjaro],4 SYRINGE in 1 CARTON (50090-8026-0)  / .5 mL in 1 SYRINGE,true,FDA NDC directory product record / labeler-code lookup
00002015201,tirzepatide,Zepbound,"INJECTION, SOLUTION",SUBCUTANEOUS,2.5 mg/.5mL,Eli Lilly and Company,2679323,202405,202609,ACTIVE,obesity,Y_product_label,openFDA label by product NDC; Eli Lilly and Company; label effective 20260828; set_id 487cd7e7-434c-4925-99fa-aa80b1cc776b; classified from indications text,FDA_NDC_DIRECTORY+RXNORM,FALSE,tirzepatide,0002-0152,NDA,NDA217806,0.5 ML tirzepatide 5 MG/ML Injection [Zepbound],"1 VIAL, SINGLE-DOSE in 1 CARTON (0002-0152-01)  / .5 mL in 1 VIAL, SINGLE-DOSE",true,FDA NDC directory product record / labeler-code lookup
00002015204,tirzepatide,Zepbound,"INJECTION, SOLUTION",SUBCUTANEOUS,2.5 mg/.5mL,Eli Lilly and Company,2679323,202409,202609,ACTIVE,obesity,Y_product_label,openFDA label by product NDC; Eli Lilly and Company; label effective 20260828; set_id 487cd7e7-434c-4925-99fa-aa80b1cc776b; classified from indications text,FDA_NDC_DIRECTORY+RXNORM,FALSE,tirzepatide,0002-0152,NDA,NDA217806,0.5 ML tirzepatide 5 MG/ML Injection [Zepbound],"4 VIAL, SINGLE-DOSE in 1 CARTON (0002-0152-04)  / .5 mL in 1 VIAL, SINGLE-DOSE",true,FDA NDC directory product record / labeler-code lookup
00002015261,tirzepatide,Zepbound,"INJECTION, SOLUTION",SUBCUTANEOUS,2.5 mg/.5mL,Eli Lilly and Company,2679323,202505,202609,ACTIVE,obesity,Y_product_label,openFDA label by product NDC; Eli Lilly and Company; label effective 20260828; set_id 487cd7e7-434c-4925-99fa-aa80b1cc776b; classified from indications text,FDA_NDC_DIRECTORY+RXNORM,FALSE,tirzepatide,0002-0152,NDA,NDA217806,0.5 ML tirzepatide 5 MG/ML Injection [Zepbound],"4 VIAL, SINGLE-DOSE in 1 CARTON (0002-0152-61)  / .5 mL in 1 VIAL, SINGLE-DOSE",true,FDA NDC directory product record / labeler-code lookup
00002024301,tirzepatide,Zepbound,"INJECTION, SOLUTION",SUBCUTANEOUS,5 mg/.5mL,Eli Lilly and Company,2679325,202405,202609,ACTIVE,obesity,Y_product_label,openFDA label by product NDC; Eli Lilly and Company; label effective 20260828; set_id 487cd7e7-434c-4925-99fa-aa80b1cc776b; classified from indications text,FDA_NDC_DIRECTORY+RXNORM,FALSE,tirzepatide,0002-0243,NDA,NDA217806,0.5 ML tirzepatide 10 MG/ML Injection [Zepbound],"1 VIAL, SINGLE-DOSE in 1 CARTON (0002-0243-01)  / .5 mL in 1 VIAL, SINGLE-DOSE",true,FDA NDC directory product record / labeler-code lookup
00002024304,tirzepatide,Zepbound,"INJECTION, SOLUTION",SUBCUTANEOUS,5 mg/.5mL,Eli Lilly and Company,2679325,202409,202609,ACTIVE,obesity,Y_product_label,openFDA label by product NDC; Eli Lilly and Company; label effective 20260828; set_id 487cd7e7-434c-4925-99fa-aa80b1cc776b; classified from indications text,FDA_NDC_DIRECTORY+RXNORM,FALSE,tirzepatide,0002-0243,NDA,NDA217806,0.5 ML tirzepatide 10 MG/ML Injection [Zepbound],"4 VIAL, SINGLE-DOSE in 1 CARTON (0002-0243-04)  / .5 mL in 1 VIAL, SINGLE-DOSE",true,FDA NDC directory product record / labeler-code lookup
00002121401,tirzepatide,Zepbound,"INJECTION, SOLUTION",SUBCUTANEOUS,7.5 mg/.5mL,Eli Lilly and Company,2679327,202405,202609,ACTIVE,obesity,Y_product_label,openFDA label by product NDC; Eli Lilly and Company; label effective 20260828; set_id 487cd7e7-434c-4925-99fa-aa80b1cc776b; classified from indications text,FDA_NDC_DIRECTORY+RXNORM,FALSE,tirzepatide,0002-1214,NDA,NDA217806,0.5 ML tirzepatide 15 MG/ML Injection [Zepbound],"1 VIAL, SINGLE-DOSE in 1 CARTON (0002-1214-01)  / .5 mL in 1 VIAL, SINGLE-DOSE",true,FDA NDC directory product record / labeler-code lookup
00002121404,tirzepatide,Zepbound,"INJECTION, SOLUTION",SUBCUTANEOUS,7.5 mg/.5mL,Eli Lilly and Company,2679327,202504,202609,ACTIVE,obesity,Y_product_label,openFDA label by product NDC; Eli Lilly and Company; label effective 20260828; set_id 487cd7e7-434c-4925-99fa-aa80b1cc776b; classified from indications text,FDA_NDC_DIRECTORY+RXNORM,FALSE,tirzepatide,0002-1214,NDA,NDA217806,0.5 ML tirzepatide 15 MG/ML Injection [Zepbound],"4 VIAL, SINGLE-DOSE in 1 CARTON (0002-1214-04)  / .5 mL in 1 VIAL, SINGLE-DOSE",true,FDA NDC directory product record / labeler-code lookup
00002134001,tirzepatide,Zepbound,"INJECTION, SOLUTION",SUBCUTANEOUS,10 mg/.5mL,Eli Lilly and Company,2679317,202405,202609,ACTIVE,obesity,Y_product_label,openFDA label by product NDC; Eli Lilly and Company; label effective 20260828; set_id 487cd7e7-434c-4925-99fa-aa80b1cc776b; classified from indications text,FDA_NDC_DIRECTORY+RXNORM,FALSE,tirzepatide,0002-1340,NDA,NDA217806,0.5 ML tirzepatide 20 MG/ML Injection [Zepbound],"1 VIAL, SINGLE-DOSE in 1 CARTON (0002-1340-01)  / .5 mL in 1 VIAL, SINGLE-DOSE",true,FDA NDC directory product record / labeler-code lookup
00002134004,tirzepatide,Zepbound,"INJECTION, SOLUTION",SUBCUTANEOUS,10 mg/.5mL,Eli Lilly and Company,2679317,202504,202609,ACTIVE,obesity,Y_product_label,openFDA label by product NDC; Eli Lilly and Company; label effective 20260828; set_id 487cd7e7-434c-4925-99fa-aa80b1cc776b; classified from indications text,FDA_NDC_DIRECTORY+RXNORM,FALSE,tirzepatide,0002-1340,NDA,NDA217806,0.5 ML tirzepatide 20 MG/ML Injection [Zepbound],"4 VIAL, SINGLE-DOSE in 1 CARTON (0002-1340-04)  / .5 mL in 1 VIAL, SINGLE-DOSE",true,FDA NDC directory product record / labeler-code lookup
00002142301,tirzepatide,Zepbound,"INJECTION, SOLUTION",SUBCUTANEOUS,12.5 mg/.5mL,Eli Lilly and Company,2679319,202405,202609,ACTIVE,obesity,Y_product_label,openFDA label by product NDC; Eli Lilly and Company; label effective 20260828; set_id 487cd7e7-434c-4925-99fa-aa80b1cc776b; classified from indications text,FDA_NDC_DIRECTORY+RXNORM,FALSE,tirzepatide,0002-1423,NDA,NDA217806,0.5 ML tirzepatide 25 MG/ML Injection [Zepbound],"1 VIAL, SINGLE-DOSE in 1 CARTON (0002-1423-01)  / .5 mL in 1 VIAL, SINGLE-DOSE",true,FDA NDC directory product record / labeler-code lookup
00002142304,tirzepatide,Zepbound,"INJECTION, SOLUTION",SUBCUTANEOUS,12.5 mg/.5mL,Eli Lilly and Company,2679319,202508,202609,ACTIVE,obesity,Y_product_label,openFDA label by product NDC; Eli Lilly and Company; label effective 20260828; set_id 487cd7e7-434c-4925-99fa-aa80b1cc776b; classified from indications text,FDA_NDC_DIRECTORY+RXNORM,FALSE,tirzepatide,0002-1423,NDA,NDA217806,0.5 ML tirzepatide 25 MG/ML Injection [Zepbound],"4 VIAL, SINGLE-DOSE in 1 CARTON (0002-1423-04)  / .5 mL in 1 VIAL, SINGLE-DOSE",true,FDA NDC directory product record / labeler-code lookup
00002200201,tirzepatide,Zepbound,"INJECTION, SOLUTION",SUBCUTANEOUS,15 mg/.5mL,Eli Lilly and Company,2679321,202405,202609,ACTIVE,obesity,Y_product_label,openFDA label by product NDC; Eli Lilly and Company; label effective 20260828; set_id 487cd7e7-434c-4925-99fa-aa80b1cc776b; classified from indications text,FDA_NDC_DIRECTORY+RXNORM,FALSE,tirzepatide,0002-2002,NDA,NDA217806,0.5 ML tirzepatide 30 MG/ML Injection [Zepbound],"1 VIAL, SINGLE-DOSE in 1 CARTON (0002-2002-01)  / .5 mL in 1 VIAL, SINGLE-DOSE",true,FDA NDC directory product record / labeler-code lookup
00002200204,tirzepatide,Zepbound,"INJECTION, SOLUTION",SUBCUTANEOUS,15 mg/.5mL,Eli Lilly and Company,2679321,202508,202609,ACTIVE,obesity,Y_product_label,openFDA label by product NDC; Eli Lilly and Company; label effective 20260828; set_id 487cd7e7-434c-4925-99fa-aa80b1cc776b; classified from indications text,FDA_NDC_DIRECTORY+RXNORM,FALSE,tirzepatide,0002-2002,NDA,NDA217806,0.5 ML tirzepatide 30 MG/ML Injection [Zepbound],"4 VIAL, SINGLE-DOSE in 1 CARTON (0002-2002-04)  / .5 mL in 1 VIAL, SINGLE-DOSE",true,FDA NDC directory product record / labeler-code lookup
00002245701,tirzepatide,Zepbound,"INJECTION, SOLUTION",SUBCUTANEOUS,15 mg/.5mL,Eli Lilly and Company,2669721,202312,202609,ACTIVE,obesity,Y_product_label,openFDA label by product NDC; Eli Lilly and Company; label effective 20260828; set_id 487cd7e7-434c-4925-99fa-aa80b1cc776b; classified from indications text,RXNORM+FDA_PRODUCT_9DIGIT,FALSE,tirzepatide,0002-2457,NDA,NDA217806,0.5 ML tirzepatide 30 MG/ML Auto-Injector [Zepbound],,true,FDA NDC directory product record / labeler-code lookup
00002245780,tirzepatide,Zepbound,"INJECTION, SOLUTION",SUBCUTANEOUS,15 mg/.5mL,Eli Lilly and Company,2669721,202312,202609,ACTIVE,obesity,Y_product_label,openFDA label by product NDC; Eli Lilly and Company; label effective 20260828; set_id 487cd7e7-434c-4925-99fa-aa80b1cc776b; classified from indications text,FDA_NDC_DIRECTORY+RXNORM,FALSE,tirzepatide,0002-2457,NDA,NDA217806,0.5 ML tirzepatide 30 MG/ML Auto-Injector [Zepbound],4 SYRINGE in 1 CARTON (0002-2457-80)  / .5 mL in 1 SYRINGE (0002-2457-01) ,true,FDA NDC directory product record / labeler-code lookup
00002246001,tirzepatide,Zepbound,"INJECTION, SOLUTION",SUBCUTANEOUS,12.5 mg/.5mL,Eli Lilly and Company,2669718,202312,202609,ACTIVE,obesity,Y_product_label,openFDA label by product NDC; Eli Lilly and Company; label effective 20260828; set_id 487cd7e7-434c-4925-99fa-aa80b1cc776b; classified from indications text,RXNORM+FDA_PRODUCT_9DIGIT,FALSE,tirzepatide,0002-2460,NDA,NDA217806,0.5 ML tirzepatide 25 MG/ML Auto-Injector [Zepbound],,true,FDA NDC directory product record / labeler-code lookup
00002246080,tirzepatide,Zepbound,"INJECTION, SOLUTION",SUBCUTANEOUS,12.5 mg/.5mL,Eli Lilly and Company,2669718,202312,202609,ACTIVE,obesity,Y_product_label,openFDA label by product NDC; Eli Lilly and Company; label effective 20260828; set_id 487cd7e7-434c-4925-99fa-aa80b1cc776b; classified from indications text,FDA_NDC_DIRECTORY+RXNORM,FALSE,tirzepatide,0002-2460,NDA,NDA217806,0.5 ML tirzepatide 25 MG/ML Auto-Injector [Zepbound],4 SYRINGE in 1 CARTON (0002-2460-80)  / .5 mL in 1 SYRINGE (0002-2460-01) ,true,FDA NDC directory product record / labeler-code lookup
00002247101,tirzepatide,Zepbound,"INJECTION, SOLUTION",SUBCUTANEOUS,10 mg/.5mL,Eli Lilly and Company,2669715,202312,202609,ACTIVE,obesity,Y_product_label,openFDA label by product NDC; Eli Lilly and Company; label effective 20260828; set_id 487cd7e7-434c-4925-99fa-aa80b1cc776b; classified from indications text,RXNORM+FDA_PRODUCT_9DIGIT,FALSE,tirzepatide,0002-2471,NDA,NDA217806,0.5 ML tirzepatide 20 MG/ML Auto-Injector [Zepbound],,true,FDA NDC directory product record / labeler-code lookup
00002247180,tirzepatide,Zepbound,"INJECTION, SOLUTION",SUBCUTANEOUS,10 mg/.5mL,Eli Lilly and Company,2669715,202312,202609,ACTIVE,obesity,Y_product_label,openFDA label by product NDC; Eli Lilly and Company; label effective 20260828; set_id 487cd7e7-434c-4925-99fa-aa80b1cc776b; classified from indications text,FDA_NDC_DIRECTORY+RXNORM,FALSE,tirzepatide,0002-2471,NDA,NDA217806,0.5 ML tirzepatide 20 MG/ML Auto-Injector [Zepbound],4 SYRINGE in 1 CARTON (0002-2471-80)  / .5 mL in 1 SYRINGE (0002-2471-01) ,true,FDA NDC directory product record / labeler-code lookup
00002248401,tirzepatide,Zepbound,"INJECTION, SOLUTION",SUBCUTANEOUS,7.5 mg/.5mL,Eli Lilly and Company,2669712,202312,202609,ACTIVE,obesity,Y_product_label,openFDA label by product NDC; Eli Lilly and Company; label effective 20260828; set_id 487cd7e7-434c-4925-99fa-aa80b1cc776b; classified from indications text,RXNORM+FDA_PRODUCT_9DIGIT,FALSE,tirzepatide,0002-2484,NDA,NDA217806,0.5 ML tirzepatide 15 MG/ML Auto-Injector [Zepbound],,true,FDA NDC directory product record / labeler-code lookup
00002248480,tirzepatide,Zepbound,"INJECTION, SOLUTION",SUBCUTANEOUS,7.5 mg/.5mL,Eli Lilly and Company,2669712,202312,202609,ACTIVE,obesity,Y_product_label,openFDA label by product NDC; Eli Lilly and Company; label effective 20260828; set_id 487cd7e7-434c-4925-99fa-aa80b1cc776b; classified from indications text,FDA_NDC_DIRECTORY+RXNORM,FALSE,tirzepatide,0002-2484,NDA,NDA217806,0.5 ML tirzepatide 15 MG/ML Auto-Injector [Zepbound],4 SYRINGE in 1 CARTON (0002-2484-80)  / .5 mL in 1 SYRINGE (0002-2484-01) ,true,FDA NDC directory product record / labeler-code lookup
00002249501,tirzepatide,Zepbound,"INJECTION, SOLUTION",SUBCUTANEOUS,5 mg/.5mL,Eli Lilly and Company,2669709,202312,202609,ACTIVE,obesity,Y_product_label,openFDA label by product NDC; Eli Lilly and Company; label effective 20260828; set_id 487cd7e7-434c-4925-99fa-aa80b1cc776b; classified from indications text,RXNORM+FDA_PRODUCT_9DIGIT,FALSE,tirzepatide,0002-2495,NDA,NDA217806,0.5 ML tirzepatide 10 MG/ML Auto-Injector [Zepbound],,true,FDA NDC directory product record / labeler-code lookup
00002249580,tirzepatide,Zepbound,"INJECTION, SOLUTION",SUBCUTANEOUS,5 mg/.5mL,Eli Lilly and Company,2669709,202312,202609,ACTIVE,obesity,Y_product_label,openFDA label by product NDC; Eli Lilly and Company; label effective 20260828; set_id 487cd7e7-434c-4925-99fa-aa80b1cc776b; classified from indications text,FDA_NDC_DIRECTORY+RXNORM,FALSE,tirzepatide,0002-2495,NDA,NDA217806,0.5 ML tirzepatide 10 MG/ML Auto-Injector [Zepbound],4 SYRINGE in 1 CARTON (0002-2495-80)  / .5 mL in 1 SYRINGE (0002-2495-01) ,true,FDA NDC directory product record / labeler-code lookup
00002250601,tirzepatide,Zepbound,"INJECTION, SOLUTION",SUBCUTANEOUS,2.5 mg/.5mL,Eli Lilly and Company,2669706,202312,202609,ACTIVE,obesity,Y_product_label,openFDA label by product NDC; Eli Lilly and Company; label effective 20260828; set_id 487cd7e7-434c-4925-99fa-aa80b1cc776b; classified from indications text,RXNORM+FDA_PRODUCT_9DIGIT,FALSE,tirzepatide,0002-2506,NDA,NDA217806,0.5 ML tirzepatide 5 MG/ML Auto-Injector [Zepbound],,true,FDA NDC directory product record / labeler-code lookup
00002250661,tirzepatide,Zepbound,"INJECTION, SOLUTION",SUBCUTANEOUS,2.5 mg/.5mL,Eli Lilly and Company,2669706,202312,202609,ACTIVE,obesity,Y_product_label,openFDA label by product NDC; Eli Lilly and Company; label effective 20260828; set_id 487cd7e7-434c-4925-99fa-aa80b1cc776b; classified from indications text,FDA_NDC_DIRECTORY+RXNORM,FALSE,tirzepatide,0002-2506,NDA,NDA217806,0.5 ML tirzepatide 5 MG/ML Auto-Injector [Zepbound],4 SYRINGE in 1 CARTON (0002-2506-61)  / .5 mL in 1 SYRINGE,true,FDA NDC directory product record / labeler-code lookup
00002250680,tirzepatide,Zepbound,"INJECTION, SOLUTION",SUBCUTANEOUS,2.5 mg/.5mL,Eli Lilly and Company,2669706,202312,202609,ACTIVE,obesity,Y_product_label,openFDA label by product NDC; Eli Lilly and Company; label effective 20260828; set_id 487cd7e7-434c-4925-99fa-aa80b1cc776b; classified from indications text,FDA_NDC_DIRECTORY+RXNORM,FALSE,tirzepatide,0002-2506,NDA,NDA217806,0.5 ML tirzepatide 5 MG/ML Auto-Injector [Zepbound],4 SYRINGE in 1 CARTON (0002-2506-80)  / .5 mL in 1 SYRINGE (0002-2506-01) ,true,FDA NDC directory product record / labeler-code lookup
00002351101,tirzepatide,Zepbound,"INJECTION, SOLUTION",SUBCUTANEOUS,25 mg/mL,Eli Lilly and Company,2734638,202603,202609,ACTIVE,obesity,Y_product_label,openFDA label by product NDC; Eli Lilly and Company; label effective 20260828; set_id 487cd7e7-434c-4925-99fa-aa80b1cc776b; classified from indications text,RXNORM+FDA_PRODUCT_9DIGIT,FALSE,tirzepatide,0002-3511,NDA,NDA217806,2.4 ML tirzepatide 25 MG/ML Pen Injector [Zepbound],,true,FDA NDC directory product record / labeler-code lookup
00002351111,tirzepatide,Zepbound,"INJECTION, SOLUTION",SUBCUTANEOUS,25 mg/mL,Eli Lilly and Company,2734638,202603,202609,ACTIVE,obesity,Y_product_label,openFDA label by product NDC; Eli Lilly and Company; label effective 20260828; set_id 487cd7e7-434c-4925-99fa-aa80b1cc776b; classified from indications text,FDA_NDC_DIRECTORY+RXNORM,FALSE,tirzepatide,0002-3511,NDA,NDA217806,2.4 ML tirzepatide 25 MG/ML Pen Injector [Zepbound],1 SYRINGE in 1 CARTON (0002-3511-11)  / 2.4 mL in 1 SYRINGE (0002-3511-01) ,true,FDA NDC directory product record / labeler-code lookup
00002352201,tirzepatide,Zepbound,"INJECTION, SOLUTION",SUBCUTANEOUS,20.8 mg/mL,Eli Lilly and Company,2734634,202603,202609,ACTIVE,obesity,Y_product_label,openFDA label by product NDC; Eli Lilly and Company; label effective 20260828; set_id 487cd7e7-434c-4925-99fa-aa80b1cc776b; classified from indications text,RXNORM+FDA_PRODUCT_9DIGIT,FALSE,tirzepatide,0002-3522,NDA,NDA217806,2.4 ML tirzepatide 20.8 MG/ML Pen Injector [Zepbound],,true,FDA NDC directory product record / labeler-code lookup
00002352211,tirzepatide,Zepbound,"INJECTION, SOLUTION",SUBCUTANEOUS,20.8 mg/mL,Eli Lilly and Company,2734634,202603,202609,ACTIVE,obesity,Y_product_label,openFDA label by product NDC; Eli Lilly and Company; label effective 20260828; set_id 487cd7e7-434c-4925-99fa-aa80b1cc776b; classified from indications text,FDA_NDC_DIRECTORY+RXNORM,FALSE,tirzepatide,0002-3522,NDA,NDA217806,2.4 ML tirzepatide 20.8 MG/ML Pen Injector [Zepbound],1 SYRINGE in 1 CARTON (0002-3522-11)  / 2.4 mL in 1 SYRINGE (0002-3522-01) ,true,FDA NDC directory product record / labeler-code lookup
00002353301,tirzepatide,Zepbound,"INJECTION, SOLUTION",SUBCUTANEOUS,16.7 mg/mL,Eli Lilly and Company,2734630,202603,202609,ACTIVE,obesity,Y_product_label,openFDA label by product NDC; Eli Lilly and Company; label effective 20260828; set_id 487cd7e7-434c-4925-99fa-aa80b1cc776b; classified from indications text,RXNORM+FDA_PRODUCT_9DIGIT,FALSE,tirzepatide,0002-3533,NDA,NDA217806,2.4 ML tirzepatide 16.7 MG/ML Pen Injector [Zepbound],,true,FDA NDC directory product record / labeler-code lookup
00002353311,tirzepatide,Zepbound,"INJECTION, SOLUTION",SUBCUTANEOUS,16.7 mg/mL,Eli Lilly and Company,2734630,202603,202609,ACTIVE,obesity,Y_product_label,openFDA label by product NDC; Eli Lilly and Company; label effective 20260828; set_id 487cd7e7-434c-4925-99fa-aa80b1cc776b; classified from indications text,FDA_NDC_DIRECTORY+RXNORM,FALSE,tirzepatide,0002-3533,NDA,NDA217806,2.4 ML tirzepatide 16.7 MG/ML Pen Injector [Zepbound],1 SYRINGE in 1 CARTON (0002-3533-11)  / 2.4 mL in 1 SYRINGE (0002-3533-01) ,true,FDA NDC directory product record / labeler-code lookup
00002354401,tirzepatide,Zepbound,"INJECTION, SOLUTION",SUBCUTANEOUS,12.5 mg/mL,Eli Lilly and Company,2734626,202603,202609,ACTIVE,obesity,Y_product_label,openFDA label by product NDC; Eli Lilly and Company; label effective 20260828; set_id 487cd7e7-434c-4925-99fa-aa80b1cc776b; classified from indications text,RXNORM+FDA_PRODUCT_9DIGIT,FALSE,tirzepatide,0002-3544,NDA,NDA217806,2.4 ML tirzepatide 12.5 MG/ML Pen Injector [Zepbound],,true,FDA NDC directory product record / labeler-code lookup
00002354411,tirzepatide,Zepbound,"INJECTION, SOLUTION",SUBCUTANEOUS,12.5 mg/mL,Eli Lilly and Company,2734626,202603,202609,ACTIVE,obesity,Y_product_label,openFDA label by product NDC; Eli Lilly and Company; label effective 20260828; set_id 487cd7e7-434c-4925-99fa-aa80b1cc776b; classified from indications text,FDA_NDC_DIRECTORY+RXNORM,FALSE,tirzepatide,0002-3544,NDA,NDA217806,2.4 ML tirzepatide 12.5 MG/ML Pen Injector [Zepbound],1 SYRINGE in 1 CARTON (0002-3544-11)  / 2.4 mL in 1 SYRINGE (0002-3544-01) ,true,FDA NDC directory product record / labeler-code lookup
00002355501,tirzepatide,Zepbound,"INJECTION, SOLUTION",SUBCUTANEOUS,8.33 mg/mL,Eli Lilly and Company,2734646,202603,202609,ACTIVE,obesity,Y_product_label,openFDA label by product NDC; Eli Lilly and Company; label effective 20260828; set_id 487cd7e7-434c-4925-99fa-aa80b1cc776b; classified from indications text,RXNORM+FDA_PRODUCT_9DIGIT,FALSE,tirzepatide,0002-3555,NDA,NDA217806,2.4 ML tirzepatide 8.33 MG/ML Pen Injector [Zepbound],,true,FDA NDC directory product record / labeler-code lookup
00002355511,tirzepatide,Zepbound,"INJECTION, SOLUTION",SUBCUTANEOUS,8.33 mg/mL,Eli Lilly and Company,2734646,202603,202609,ACTIVE,obesity,Y_product_label,openFDA label by product NDC; Eli Lilly and Company; label effective 20260828; set_id 487cd7e7-434c-4925-99fa-aa80b1cc776b; classified from indications text,FDA_NDC_DIRECTORY+RXNORM,FALSE,tirzepatide,0002-3555,NDA,NDA217806,2.4 ML tirzepatide 8.33 MG/ML Pen Injector [Zepbound],1 SYRINGE in 1 CARTON (0002-3555-11)  / 2.4 mL in 1 SYRINGE (0002-3555-01) ,true,FDA NDC directory product record / labeler-code lookup
00002356601,tirzepatide,Zepbound,"INJECTION, SOLUTION",SUBCUTANEOUS,4.17 mg/mL,Eli Lilly and Company,2734642,202603,202609,ACTIVE,obesity,Y_product_label,openFDA label by product NDC; Eli Lilly and Company; label effective 20260828; set_id 487cd7e7-434c-4925-99fa-aa80b1cc776b; classified from indications text,RXNORM+FDA_PRODUCT_9DIGIT,FALSE,tirzepatide,0002-3566,NDA,NDA217806,2.4 ML tirzepatide 4.17 MG/ML Pen Injector [Zepbound],,true,FDA NDC directory product record / labeler-code lookup
00002356611,tirzepatide,Zepbound,"INJECTION, SOLUTION",SUBCUTANEOUS,4.17 mg/mL,Eli Lilly and Company,2734642,202603,202609,ACTIVE,obesity,Y_product_label,openFDA label by product NDC; Eli Lilly and Company; label effective 20260828; set_id 487cd7e7-434c-4925-99fa-aa80b1cc776b; classified from indications text,FDA_NDC_DIRECTORY+RXNORM,FALSE,tirzepatide,0002-3566,NDA,NDA217806,2.4 ML tirzepatide 4.17 MG/ML Pen Injector [Zepbound],1 SYRINGE in 1 CARTON (0002-3566-11)  / 2.4 mL in 1 SYRINGE (0002-3566-01) ,true,FDA NDC directory product record / labeler-code lookup
00002356699,tirzepatide,Zepbound,"INJECTION, SOLUTION",SUBCUTANEOUS,4.17 mg/mL,Eli Lilly and Company,2734642,202603,202609,ACTIVE,obesity,Y_product_label,openFDA label by product NDC; Eli Lilly and Company; label effective 20260828; set_id 487cd7e7-434c-4925-99fa-aa80b1cc776b; classified from indications text,FDA_NDC_DIRECTORY+RXNORM,FALSE,tirzepatide,0002-3566,NDA,NDA217806,2.4 ML tirzepatide 4.17 MG/ML Pen Injector [Zepbound],1 SYRINGE in 1 CARTON (0002-3566-99)  / 2.4 mL in 1 SYRINGE,true,FDA NDC directory product record / labeler-code lookup
00002605201,tirzepatide,Zepbound,"INJECTION, SOLUTION",SUBCUTANEOUS,4.17 mg/mL,Eli Lilly and Company,2732454,202602,202609,ACTIVE,obesity,Y_product_label,openFDA label by product NDC; Eli Lilly and Company; label effective 20260828; set_id 487cd7e7-434c-4925-99fa-aa80b1cc776b; classified from indications text,RXNORM+FDA_PRODUCT_9DIGIT,FALSE,tirzepatide,0002-6052,NDA,NDA217806,tirzepatide 4.17 MG/ML Injectable Solution [Zepbound],,true,FDA NDC directory product record / labeler-code lookup
00002605211,tirzepatide,Zepbound,"INJECTION, SOLUTION",SUBCUTANEOUS,4.17 mg/mL,Eli Lilly and Company,2732454,202602,202609,ACTIVE,obesity,Y_product_label,openFDA label by product NDC; Eli Lilly and Company; label effective 20260828; set_id 487cd7e7-434c-4925-99fa-aa80b1cc776b; classified from indications text,FDA_NDC_DIRECTORY+RXNORM,FALSE,tirzepatide,0002-6052,NDA,NDA217806,tirzepatide 4.17 MG/ML Injectable Solution [Zepbound],"1 VIAL, MULTI-DOSE in 1 CARTON (0002-6052-11)  / 2.4 mL in 1 VIAL, MULTI-DOSE (0002-6052-01) ",true,FDA NDC directory product record / labeler-code lookup
00002610301,tirzepatide,Zepbound,"INJECTION, SOLUTION",SUBCUTANEOUS,8.33 mg/mL,Eli Lilly and Company,2732458,202602,202609,ACTIVE,obesity,Y_product_label,openFDA label by product NDC; Eli Lilly and Company; label effective 20260828; set_id 487cd7e7-434c-4925-99fa-aa80b1cc776b; classified from indications text,RXNORM+FDA_PRODUCT_9DIGIT,FALSE,tirzepatide,0002-6103,NDA,NDA217806,tirzepatide 8.33 MG/ML Injectable Solution [Zepbound],,true,FDA NDC directory product record / labeler-code lookup
00002610311,tirzepatide,Zepbound,"INJECTION, SOLUTION",SUBCUTANEOUS,8.33 mg/mL,Eli Lilly and Company,2732458,202602,202609,ACTIVE,obesity,Y_product_label,openFDA label by product NDC; Eli Lilly and Company; label effective 20260828; set_id 487cd7e7-434c-4925-99fa-aa80b1cc776b; classified from indications text,FDA_NDC_DIRECTORY+RXNORM,FALSE,tirzepatide,0002-6103,NDA,NDA217806,tirzepatide 8.33 MG/ML Injectable Solution [Zepbound],"1 VIAL, MULTI-DOSE in 1 CARTON (0002-6103-11)  / 2.4 mL in 1 VIAL, MULTI-DOSE (0002-6103-01) ",true,FDA NDC directory product record / labeler-code lookup
00002621001,tirzepatide,Zepbound,"INJECTION, SOLUTION",SUBCUTANEOUS,12.5 mg/mL,Eli Lilly and Company,2732440,202602,202609,ACTIVE,obesity,Y_product_label,openFDA label by product NDC; Eli Lilly and Company; label effective 20260828; set_id 487cd7e7-434c-4925-99fa-aa80b1cc776b; classified from indications text,RXNORM+FDA_PRODUCT_9DIGIT,FALSE,tirzepatide,0002-6210,NDA,NDA217806,tirzepatide 12.5 MG/ML Injectable Solution [Zepbound],,true,FDA NDC directory product record / labeler-code lookup
00002621011,tirzepatide,Zepbound,"INJECTION, SOLUTION",SUBCUTANEOUS,12.5 mg/mL,Eli Lilly and Company,2732440,202602,202609,ACTIVE,obesity,Y_product_label,openFDA label by product NDC; Eli Lilly and Company; label effective 20260828; set_id 487cd7e7-434c-4925-99fa-aa80b1cc776b; classified from indications text,FDA_NDC_DIRECTORY+RXNORM,FALSE,tirzepatide,0002-6210,NDA,NDA217806,tirzepatide 12.5 MG/ML Injectable Solution [Zepbound],"1 VIAL, MULTI-DOSE in 1 CARTON (0002-6210-11)  / 2.4 mL in 1 VIAL, MULTI-DOSE (0002-6210-01) ",true,FDA NDC directory product record / labeler-code lookup
00002630401,tirzepatide,Zepbound,"INJECTION, SOLUTION",SUBCUTANEOUS,16.7 mg/mL,Eli Lilly and Company,2732444,202602,202609,ACTIVE,obesity,Y_product_label,openFDA label by product NDC; Eli Lilly and Company; label effective 20260828; set_id 487cd7e7-434c-4925-99fa-aa80b1cc776b; classified from indications text,RXNORM+FDA_PRODUCT_9DIGIT,FALSE,tirzepatide,0002-6304,NDA,NDA217806,tirzepatide 16.7 MG/ML Injectable Solution [Zepbound],,true,FDA NDC directory product record / labeler-code lookup
00002630411,tirzepatide,Zepbound,"INJECTION, SOLUTION",SUBCUTANEOUS,16.7 mg/mL,Eli Lilly and Company,2732444,202602,202609,ACTIVE,obesity,Y_product_label,openFDA label by product NDC; Eli Lilly and Company; label effective 20260828; set_id 487cd7e7-434c-4925-99fa-aa80b1cc776b; classified from indications text,FDA_NDC_DIRECTORY+RXNORM,FALSE,tirzepatide,0002-6304,NDA,NDA217806,tirzepatide 16.7 MG/ML Injectable Solution [Zepbound],"1 VIAL, MULTI-DOSE in 1 CARTON (0002-6304-11)  / 2.4 mL in 1 VIAL, MULTI-DOSE (0002-6304-01) ",true,FDA NDC directory product record / labeler-code lookup
00002652301,tirzepatide,Zepbound,"INJECTION, SOLUTION",SUBCUTANEOUS,20.8 mg/mL,Eli Lilly and Company,2732448,202602,202609,ACTIVE,obesity,Y_product_label,openFDA label by product NDC; Eli Lilly and Company; label effective 20260828; set_id 487cd7e7-434c-4925-99fa-aa80b1cc776b; classified from indications text,RXNORM+FDA_PRODUCT_9DIGIT,FALSE,tirzepatide,0002-6523,NDA,NDA217806,tirzepatide 20.8 MG/ML Injectable Solution [Zepbound],,true,FDA NDC directory product record / labeler-code lookup
00002652311,tirzepatide,Zepbound,"INJECTION, SOLUTION",SUBCUTANEOUS,20.8 mg/mL,Eli Lilly and Company,2732448,202602,202609,ACTIVE,obesity,Y_product_label,openFDA label by product NDC; Eli Lilly and Company; label effective 20260828; set_id 487cd7e7-434c-4925-99fa-aa80b1cc776b; classified from indications text,FDA_NDC_DIRECTORY+RXNORM,FALSE,tirzepatide,0002-6523,NDA,NDA217806,tirzepatide 20.8 MG/ML Injectable Solution [Zepbound],"1 VIAL, MULTI-DOSE in 1 CARTON (0002-6523-11)  / 2.4 mL in 1 VIAL, MULTI-DOSE (0002-6523-01) ",true,FDA NDC directory product record / labeler-code lookup
00002661201,tirzepatide,Zepbound,"INJECTION, SOLUTION",SUBCUTANEOUS,25 mg/mL,Eli Lilly and Company,2732450,202602,202609,ACTIVE,obesity,Y_product_label,openFDA label by product NDC; Eli Lilly and Company; label effective 20260828; set_id 487cd7e7-434c-4925-99fa-aa80b1cc776b; classified from indications text,RXNORM+FDA_PRODUCT_9DIGIT,FALSE,tirzepatide,0002-6612,NDA,NDA217806,tirzepatide 25 MG/ML Injectable Solution [Zepbound],,true,FDA NDC directory product record / labeler-code lookup
00002661211,tirzepatide,Zepbound,"INJECTION, SOLUTION",SUBCUTANEOUS,25 mg/mL,Eli Lilly and Company,2732450,202602,202609,ACTIVE,obesity,Y_product_label,openFDA label by product NDC; Eli Lilly and Company; label effective 20260828; set_id 487cd7e7-434c-4925-99fa-aa80b1cc776b; classified from indications text,FDA_NDC_DIRECTORY+RXNORM,FALSE,tirzepatide,0002-6612,NDA,NDA217806,tirzepatide 25 MG/ML Injectable Solution [Zepbound],"1 VIAL, MULTI-DOSE in 1 CARTON (0002-6612-11)  / 2.4 mL in 1 VIAL, MULTI-DOSE (0002-6612-01) ",true,FDA NDC directory product record / labeler-code lookup
