state,year,quarter,utilization_type,n_rows,n_suppressed_rows,n_ndcs,rx_observed
AK,2018,1,FFSU,10738,6218,10738,344065.0
AK,2018,1,MCOU,33,33,33,0.0
AK,2018,2,FFSU,10272,6285,10272,265503.0
AK,2018,2,MCOU,105,105,105,0.0
AK,2018,3,FFSU,10911,6103,10911,401466.0
AK,2018,3,MCOU,28,28,28,0.0
AK,2018,4,FFSU,10609,6321,10609,316141.0
AK,2018,4,MCOU,419,419,419,0.0
AK,2019,1,FFSU,10721,6322,10721,347884.0
AK,2019,1,MCOU,33,33,33,0.0
AK,2019,2,FFSU,10657,6245,10657,350593.0
AK,2019,2,MCOU,32,32,32,0.0
AK,2019,3,FFSU,10725,6278,10725,343188.0
AK,2019,3,MCOU,33,33,33,0.0
AK,2019,4,FFSU,10637,6263,10637,325882.0
AK,2019,4,MCOU,186,186,186,0.0
AK,2020,1,FFSU,10821,6522,10821,312320.0
AK,2020,1,MCOU,213,213,213,0.0
AK,2020,2,FFSU,10696,6217,10696,335204.0
AK,2020,2,MCOU,39,39,39,0.0
AK,2020,3,FFSU,10582,6171,10582,335862.0
AK,2020,3,MCOU,41,41,41,0.0
AK,2020,4,FFSU,10625,6521,10625,276042.0
AK,2020,4,MCOU,73,73,73,0.0
AK,2021,1,FFSU,11074,6416,11074,351308.0
AK,2021,1,MCOU,52,52,52,0.0
AK,2021,2,FFSU,10802,6245,10802,342668.0
AK,2021,2,MCOU,43,43,43,0.0
AK,2021,3,FFSU,10889,6319,10889,347393.0
AK,2021,3,MCOU,85,85,85,0.0
AK,2021,4,FFSU,10680,6343,10680,324192.0
AK,2021,4,MCOU,46,46,46,0.0
AK,2022,1,FFSU,11038,6398,11038,358978.0
AK,2022,1,MCOU,82,82,82,0.0
AK,2022,2,FFSU,11018,6428,11018,357659.0
AK,2022,2,MCOU,39,39,39,0.0
AK,2022,3,FFSU,11153,6563,11153,361296.0
AK,2022,3,MCOU,25,25,25,0.0
AK,2022,4,FFSU,11168,6574,11168,353641.0
AK,2022,4,MCOU,193,193,193,0.0
AK,2023,1,FFSU,11959,7284,11959,360706.0
AK,2023,1,MCOU,159,159,159,0.0
AK,2023,2,FFSU,11204,6659,11204,347298.0
AK,2023,2,MCOU,86,86,86,0.0
AK,2023,3,FFSU,11059,6636,11059,319393.0
AK,2023,3,MCOU,91,91,91,0.0
AK,2023,4,FFSU,10964,6576,10964,307488.0
AK,2023,4,MCOU,138,138,138,0.0
AK,2024,1,FFSU,10887,6571,10887,293798.0
AK,2024,1,MCOU,98,98,98,0.0
AK,2024,2,FFSU,10977,6502,10977,316314.0
AK,2024,2,MCOU,86,86,86,0.0
AK,2024,3,FFSU,10812,6431,10812,307274.0
AK,2024,3,MCOU,127,127,127,0.0
AK,2024,4,FFSU,10910,6274,10910,367675.0
AK,2024,4,MCOU,407,407,407,0.0
AK,2025,1,FFSU,10525,6219,10525,298757.0
AK,2025,1,MCOU,753,753,753,0.0
AK,2025,2,FFSU,10514,6148,10514,306630.0
AK,2025,2,MCOU,989,987,989,93.0
AK,2025,3,FFSU,10537,6879,10537,197350.0
AK,2025,3,MCOU,5588,5582,5588,461.0
AK,2025,4,FFSU,10886,6064,10886,428444.0
AK,2025,4,MCOU,10886,10878,10886,555.0
AK,2026,1,FFSU,10327,6134,10327,285262.0
AL,2018,1,FFSU,15299,6714,15299,2313920.56
AL,2018,2,FFSU,15471,6873,15471,2300977.08
AL,2018,3,FFSU,15656,6973,15656,2211364.95
AL,2018,4,FFSU,15549,6906,15549,2388022.49
AL,2019,1,FFSU,15567,6894,15567,2398193.95
AL,2019,2,FFSU,15632,6860,15632,2321144.34
AL,2019,3,FFSU,15530,7124,15530,1938979.99
AL,2019,4,FFSU,15668,7085,15668,2188678.8159999996
AL,2020,1,FFSU,15871,7050,15871,2433472.2160000005
AL,2020,2,FFSU,15680,7142,15680,1879681.3159999999
AL,2020,3,FFSU,15585,7206,15585,1811332.7159999998
AL,2020,4,FFSU,15848,7207,15848,2075392.72
AL,2021,1,FFSU,16167,7258,16167,2162073.8
AL,2021,2,FFSU,16206,7293,16206,2197816.2
AL,2021,3,FFSU,16066,7337,16066,2027601.2
AL,2021,4,FFSU,16746,7290,16746,2781325.4
AL,2022,1,FFSU,16480,7590,16480,2303940.0
AL,2022,2,FFSU,16845,7562,16845,2625329.8
AL,2022,3,FFSU,16923,7615,16923,2607126.579
AL,2022,4,FFSU,16949,7574,16949,2763167.218
AL,2023,1,FFSU,17392,7668,17392,2865975.8
AL,2023,2,FFSU,17314,7848,17314,2599721.4
AL,2023,3,FFSU,16958,7717,16958,2328941.2
AL,2023,4,FFSU,17168,7833,17168,2587184.1
AL,2024,1,FFSU,17398,7969,17398,2633030.4
AL,2024,2,FFSU,17387,8236,17387,2235019.0
AL,2024,3,FFSU,16919,8186,16919,1894197.2
AL,2024,4,FFSU,17117,8164,17117,2074114.6
AL,2025,1,FFSU,17209,8099,17209,2116884.9
AL,2025,2,FFSU,17149,8234,17149,1905802.3
AL,2025,3,FFSU,16836,8251,16836,1640003.2
AL,2025,4,FFSU,17086,8101,17086,1902011.4
AL,2026,1,FFSU,17285,8008,17285,1803196.0
AR,2018,1,FFSU,12066,5494,12066,1352290.0
AR,2018,2,FFSU,12016,5504,12016,1241852.0
AR,2018,3,FFSU,11959,5576,11959,1194239.0
AR,2018,4,FFSU,12183,5713,12183,1289219.0
AR,2019,1,FFSU,12244,5801,12244,1267466.0
AR,2019,1,MCOU,6466,5014,6466,62928.0
AR,2019,2,FFSU,11921,5808,11921,1039742.0
AR,2019,2,MCOU,8331,5405,8331,221182.0
AR,2019,3,FFSU,11790,5767,11790,991976.0
AR,2019,3,MCOU,8436,5449,8436,225300.0
AR,2019,4,FFSU,11932,5850,11932,1078643.0
AR,2019,4,MCOU,8269,5266,8269,235702.0
AR,2020,1,FFSU,12103,5868,12103,1106689.0
AR,2020,1,MCOU,8316,5276,8316,234290.0
AR,2020,2,FFSU,11940,5992,11940,877775.0
AR,2020,2,MCOU,7945,5095,7945,213368.0
AR,2020,3,FFSU,11961,6003,11961,906960.0
AR,2020,3,MCOU,8217,5237,8217,228674.0
AR,2020,4,FFSU,12223,6007,12223,1002540.0
AR,2020,4,MCOU,8314,5271,8314,236666.0
AR,2021,1,FFSU,11898,6033,11898,836522.0
AR,2021,1,MCOU,8320,5296,8320,233657.0
AR,2021,2,FFSU,12117,5956,12117,976864.0
AR,2021,2,MCOU,8524,5323,8524,247473.0
AR,2021,3,FFSU,12308,6015,12308,1011772.0
AR,2021,3,MCOU,8528,5334,8528,249708.0
AR,2021,4,FFSU,12348,6076,12348,1013952.0
AR,2021,4,MCOU,8631,5407,8631,251787.0
AR,2022,1,FFSU,12621,6142,12621,1073092.0
AR,2022,1,MCOU,8749,5460,8749,255015.0
AR,2022,2,FFSU,12757,6080,12757,1159704.0
AR,2022,2,MCOU,8942,5560,8942,263254.0
AR,2022,3,FFSU,12757,6124,12757,1146417.0
AR,2022,3,MCOU,9207,5682,9207,278846.0
AR,2022,4,FFSU,12940,6060,12940,1298302.0
AR,2022,4,MCOU,9260,5690,9260,288120.0
AR,2023,1,FFSU,13191,6310,13191,1251861.0
AR,2023,1,MCOU,9472,5854,9472,292364.0
AR,2023,2,FFSU,13304,6390,13304,1246372.0
AR,2023,2,MCOU,9444,5827,9444,284048.0
AR,2023,3,FFSU,13109,6476,13109,1091618.0
AR,2023,3,MCOU,9376,5900,9376,266083.0
AR,2023,4,FFSU,13250,6597,13250,1105555.0
AR,2023,4,MCOU,9221,5826,9221,246857.0
AR,2024,1,FFSU,13264,6617,13264,1089099.0
AR,2024,1,MCOU,9306,5882,9306,247137.0
AR,2024,2,FFSU,13104,6444,13104,1080282.0
AR,2024,2,MCOU,9428,5972,9428,252848.0
AR,2024,3,FFSU,13120,6407,13120,1050397.0
AR,2024,3,MCOU,9533,5968,9533,260474.0
AR,2024,4,FFSU,13320,6475,13320,1135630.0
AR,2024,4,MCOU,9458,5867,9458,265547.0
AR,2025,1,FFSU,13448,6610,13448,1120736.0
AR,2025,1,MCOU,9623,6067,9623,261399.0
AR,2025,2,FFSU,13483,6609,13483,1084359.0
AR,2025,2,MCOU,9533,6001,9533,259735.0
AR,2025,3,FFSU,13467,6572,13467,1062318.0
AR,2025,3,MCOU,9479,5908,9479,262503.0
AR,2025,4,FFSU,13570,6633,13570,1095204.0
AR,2025,4,MCOU,9401,5821,9401,263850.0
AR,2026,1,FFSU,13603,6632,13603,1117647.0
AR,2026,1,MCOU,9100,5632,9100,251180.0
AZ,2018,1,FFSU,4214,3465,4214,25027.0
AZ,2018,1,MCOU,16690,7079,16690,4235985.0
AZ,2018,2,FFSU,4236,3437,4236,25440.0
AZ,2018,2,MCOU,16454,7071,16454,3963491.0
AZ,2018,3,FFSU,4286,3501,4286,24921.0
AZ,2018,3,MCOU,16634,7281,16634,3917193.56
AZ,2018,4,FFSU,4411,3578,4411,26603.0
AZ,2018,4,MCOU,16948,7516,16948,3940008.0
AZ,2019,1,FFSU,4557,3655,4557,29341.0
AZ,2019,1,MCOU,17225,7605,17225,4064912.0
AZ,2019,2,FFSU,4859,3866,4859,33123.0
AZ,2019,2,MCOU,17025,7557,17025,3899900.0
AZ,2019,3,FFSU,2334,2109,2334,6981.0
AZ,2019,3,MCOU,17230,7747,17230,3832074.1
AZ,2019,4,FFSU,5577,4350,5577,46095.0
AZ,2019,4,MCOU,17228,7632,17228,3953003.0
AZ,2020,1,FFSU,4848,3866,4848,34125.0
AZ,2020,1,MCOU,17593,7846,17593,4149775.0
AZ,2020,2,FFSU,4782,3936,4782,28133.0
AZ,2020,2,MCOU,17369,7673,17369,3704220.7
AZ,2020,3,FFSU,5154,4198,5154,33134.0
AZ,2020,3,MCOU,17209,7533,17209,3648211.0
AZ,2020,4,FFSU,5422,4265,5422,42485.0
AZ,2020,4,MCOU,17387,7687,17387,3612473.0
AZ,2021,1,FFSU,5933,4575,5933,52587.0
AZ,2021,1,MCOU,17595,7790,17595,3593427.0
AZ,2021,2,FFSU,5117,4185,5117,32058.0
AZ,2021,2,MCOU,17623,7830,17623,3612108.0
AZ,2021,3,FFSU,6744,5117,6744,73042.0
AZ,2021,3,MCOU,17689,7638,17689,3886708.0
AZ,2021,4,FFSU,4891,4095,4891,25720.0
AZ,2021,4,MCOU,17654,7720,17654,3837184.0
AZ,2022,1,FFSU,6368,4667,6368,83372.0
AZ,2022,1,MCOU,17899,7798,17899,3883765.0
AZ,2022,2,FFSU,5901,4550,5901,57055.0
AZ,2022,2,MCOU,17941,7735,17941,3955473.0
AZ,2022,3,FFSU,5359,4335,5359,39969.0
AZ,2022,3,MCOU,18093,7794,18093,4023553.0
AZ,2022,4,FFSU,6096,4626,6096,66370.0
AZ,2022,4,MCOU,18275,7871,18275,4137481.0
AZ,2023,1,FFSU,6371,4788,6371,72517.0
AZ,2023,1,MCOU,18691,8109,18691,4203122.0
AZ,2023,2,FFSU,7128,5081,7128,114060.0
AZ,2023,2,MCOU,18548,8122,18548,4088026.0
AZ,2023,3,FFSU,5888,4600,5888,55184.0
AZ,2023,3,MCOU,18409,8200,18409,3774420.0
AZ,2023,4,FFSU,6885,4885,6885,109569.0
AZ,2023,4,MCOU,18357,8605,18357,3151883.0
AZ,2024,1,FFSU,5944,4465,5944,64800.0
AZ,2024,1,MCOU,18606,8340,18606,3851451.0
AZ,2024,2,FFSU,5576,4351,5576,47602.0
AZ,2024,2,MCOU,18631,8440,18631,3811173.0
AZ,2024,3,FFSU,5900,4543,5900,56607.0
AZ,2024,3,MCOU,18505,8259,18505,3706952.0
AZ,2024,4,FFSU,5427,4341,5427,41813.0
AZ,2024,4,MCOU,18397,8263,18397,3643655.0
AZ,2025,1,FFSU,6423,4815,6423,72773.0
AZ,2025,1,MCOU,18422,8232,18422,3670363.0
AZ,2025,2,FFSU,5706,4571,5706,46353.0
AZ,2025,2,MCOU,18292,8135,18292,3551683.0
AZ,2025,3,FFSU,6170,4799,6170,56465.0
AZ,2025,3,MCOU,18320,8208,18320,3453147.0
AZ,2025,4,FFSU,5964,4719,5964,48866.0
AZ,2025,4,MCOU,18206,8270,18206,3274616.0
AZ,2026,1,FFSU,5284,4315,5284,34083.0
AZ,2026,1,MCOU,16706,7959,16706,2247724.0
CA,2018,1,FFSU,22546,8673,22546,8650500.829999998
CA,2018,1,MCOU,24896,8182,24896,23660007.9
CA,2018,2,FFSU,22667,8824,22667,8514965.6
CA,2018,2,MCOU,25002,8223,25002,23898762.759999998
CA,2018,3,FFSU,23051,8974,23051,8919409.6
CA,2018,3,MCOU,25218,8413,25218,22407614.36
CA,2018,4,FFSU,23081,8981,23081,8937375.1
CA,2018,4,MCOU,25371,8504,25371,23014562.759999998
CA,2019,1,FFSU,23035,9283,23035,8116034.6
CA,2019,1,MCOU,25799,8679,25799,24006385.8
CA,2019,2,FFSU,23058,9357,23058,8456801.8
CA,2019,2,MCOU,25940,8728,25940,22964739.8
CA,2019,3,FFSU,23726,9462,23726,8959672.0
CA,2019,3,MCOU,26227,8907,26227,23026111.8
CA,2019,4,FFSU,23550,9420,23550,8271132.2
CA,2019,4,MCOU,26369,8944,26369,22520043.799999997
CA,2020,1,FFSU,23417,9332,23417,8184173.2
CA,2020,1,MCOU,26463,8856,26463,24062248.8
CA,2020,2,FFSU,23283,9453,23283,7309555.2
CA,2020,2,MCOU,25970,8887,25970,19943088.880000003
CA,2020,3,FFSU,23157,9322,23157,7585154.8
CA,2020,3,MCOU,26096,8744,26096,21407757.8
CA,2020,4,FFSU,23613,9462,23613,8299741.0
CA,2020,4,MCOU,26367,8867,26367,26955731.8
CA,2021,1,FFSU,23307,9410,23307,7714033.8
CA,2021,1,MCOU,26560,9070,26560,31005675.2
CA,2021,2,FFSU,23811,9510,23811,8748338.6
CA,2021,2,MCOU,26848,9048,26848,32456467.599999998
CA,2021,3,FFSU,23925,9556,23925,9378705.8
CA,2021,3,MCOU,26733,8827,26733,34668347.800000004
CA,2021,4,FFSU,23937,9610,23937,8913122.6
CA,2021,4,MCOU,26838,8902,26838,31882442.0
CA,2022,1,FFSU,26618,8828,26618,26804119.8
CA,2022,1,MCOU,12588,7032,12588,1566802.0
CA,2022,2,FFSU,27087,8365,27087,33903180.4
CA,2022,2,MCOU,12852,7082,12852,1644538.8
CA,2022,3,FFSU,27702,8109,27702,39359272.125
CA,2022,3,MCOU,12999,7085,12999,1637475.8
CA,2022,4,FFSU,27322,8466,27322,32481004.4
CA,2022,4,MCOU,13521,7556,13521,1690658.0
CA,2023,1,FFSU,27828,8476,27828,34592102.2
CA,2023,1,MCOU,13467,7424,13467,1844202.0
CA,2023,2,FFSU,27429,8733,27429,30328291.0
CA,2023,2,MCOU,13788,7597,13788,1942261.0999999999
CA,2023,3,FFSU,28634,8966,28634,39121882.03000001
CA,2023,3,MCOU,13708,7480,13708,1940520.4000000001
CA,2023,4,FFSU,27620,8809,27620,31493390.61
CA,2023,4,MCOU,13581,7428,13581,1837256.4000000001
CA,2024,1,FFSU,28065,8884,28065,33952461.4
CA,2024,1,MCOU,12996,7235,12996,1498834.6
CA,2024,2,FFSU,27905,9132,27905,29797138.0
CA,2024,2,MCOU,12909,7109,12909,1539977.2
CA,2024,3,FFSU,28400,8720,28400,37825634.48
CA,2024,3,MCOU,12991,7251,12991,1563663.6
CA,2024,4,FFSU,27890,8802,27890,32872209.987
CA,2024,4,MCOU,12943,7263,12943,1444254.4000000001
CA,2025,1,FFSU,27980,8930,27980,32284799.950000003
CA,2025,1,MCOU,13215,7460,13215,1463229.8
CA,2025,2,FFSU,27566,9106,27566,26922886.3
CA,2025,2,MCOU,11493,7208,11493,714046.4
CA,2025,3,FFSU,28247,8735,28247,33987472.25
CA,2025,3,MCOU,11908,7334,11908,802336.7999999999
CA,2025,4,FFSU,27718,8815,27718,29073693.199999996
CA,2025,4,MCOU,11926,7324,11926,847660.8
CA,2026,1,FFSU,27500,8773,27500,21341844.0
CA,2026,1,MCOU,11537,7043,11537,786523.0
CO,2018,1,FFSU,15576,7508,15576,1899042.0
CO,2018,1,MCOU,7926,5150,7926,163446.0
CO,2018,2,FFSU,15702,7362,15702,1960482.0
CO,2018,2,MCOU,7359,4661,7359,159783.0
CO,2018,3,FFSU,14259,6617,14259,1775984.0
CO,2018,3,MCOU,7065,4550,7065,147944.0
CO,2018,4,FFSU,14287,6645,14287,1847392.0
CO,2018,4,MCOU,7127,4631,7127,146908.0
CO,2019,1,FFSU,14340,6831,14340,1684199.0
CO,2019,1,MCOU,7267,4720,7267,149154.0
CO,2019,2,FFSU,14454,6889,14454,1782030.0
CO,2019,2,MCOU,7189,4695,7189,147489.0
CO,2019,3,FFSU,15036,6827,15036,1982042.0
CO,2019,3,MCOU,7298,4670,7298,158161.0
CO,2019,4,FFSU,14633,6907,14633,1679035.0
CO,2019,4,MCOU,7488,4854,7488,159412.0
CO,2020,1,FFSU,15009,7000,15009,1859533.0
CO,2020,1,MCOU,7468,4822,7468,161650.0
CO,2020,2,FFSU,14730,6945,14730,1659612.0
CO,2020,2,MCOU,7923,5164,7923,168958.0
CO,2020,3,FFSU,14536,6691,14536,1752279.0
CO,2020,3,MCOU,7950,5257,7950,169443.0
CO,2020,4,FFSU,14594,6711,14594,1793406.0
CO,2020,4,MCOU,7846,5485,7846,134796.0
CO,2021,1,FFSU,14898,6773,14898,1882471.0
CO,2021,1,MCOU,8221,5425,8221,176955.0
CO,2021,2,FFSU,15071,6909,15071,1909547.0
CO,2021,2,MCOU,8249,5438,8249,175824.0
CO,2021,3,FFSU,15483,7156,15483,1910270.0
CO,2021,3,MCOU,7936,5275,7936,159781.0
CO,2021,4,FFSU,16141,7424,16141,1963521.0
CO,2021,4,MCOU,7691,5141,7691,150715.0
CO,2022,1,FFSU,16071,7548,16071,1956385.0
CO,2022,1,MCOU,7730,5152,7730,152552.0
CO,2022,2,FFSU,16275,7602,16275,2031365.0
CO,2022,2,MCOU,7899,5306,7899,153795.0
CO,2022,3,FFSU,15902,7200,15902,2022206.0
CO,2022,3,MCOU,8161,5434,8161,163466.0
CO,2022,4,FFSU,15996,7156,15996,2089932.0
CO,2022,4,MCOU,8251,5560,8251,164060.0
CO,2023,1,FFSU,16671,7717,16671,2128989.0
CO,2023,1,MCOU,9179,6464,9179,160689.0
CO,2023,2,FFSU,16294,7325,16294,2171478.0
CO,2023,2,MCOU,8702,5922,8702,168148.0
CO,2023,3,FFSU,16032,7328,16032,2007451.0
CO,2023,3,MCOU,7842,5747,7842,98353.0
CO,2023,4,FFSU,16180,7458,16180,1962945.0
CO,2023,4,MCOU,7861,5622,7861,111536.0
CO,2024,1,FFSU,15984,7345,15984,1867018.0
CO,2024,1,MCOU,8268,5713,8268,139306.0
CO,2024,2,FFSU,16111,7422,16111,1821388.0
CO,2024,2,MCOU,8283,5842,8283,132086.0
CO,2024,3,FFSU,16158,7335,16158,1918812.0
CO,2024,3,MCOU,8209,5662,8209,139051.0
CO,2024,4,FFSU,16220,7301,16220,1878751.0
CO,2024,4,MCOU,8237,5624,8237,141553.0
CO,2025,1,FFSU,16322,7291,16322,2020292.0
CO,2025,1,MCOU,8437,5785,8437,148530.0
CO,2025,2,FFSU,16390,7314,16390,2383756.0
CO,2025,2,MCOU,8801,5888,8801,165049.0
CO,2025,3,FFSU,16140,6708,16140,3915687.4
CO,2025,3,MCOU,9103,6133,9103,538417.0
CO,2025,4,FFSU,15952,6533,15952,3823842.2
CO,2025,4,MCOU,8585,5809,8585,552301.0
CO,2026,1,FFSU,16073,6538,16073,2464381.0
CO,2026,1,MCOU,7643,5468,7643,105546.0
CT,2018,1,FFSU,16319,7258,16319,2661806.5
CT,2018,2,FFSU,16601,7413,16601,2658333.2600000002
CT,2018,3,FFSU,16524,7496,16524,2577751.14
CT,2018,4,FFSU,16732,7654,16732,2687445.18
CT,2019,1,FFSU,16802,7708,16802,2641161.9
CT,2019,2,FFSU,16890,7844,16890,2728280.76
CT,2019,3,FFSU,16875,7925,16875,2557090.24
CT,2019,4,FFSU,16881,7894,16881,2616938.0700000003
CT,2020,1,FFSU,16925,7804,16925,2767821.54
CT,2020,2,FFSU,16585,7653,16585,2406887.92
CT,2020,3,FFSU,16505,7555,16505,2552172.4
CT,2020,4,FFSU,16703,7696,16703,2880260.0
CT,2021,1,FFSU,16988,7790,16988,3473786.4
CT,2021,2,FFSU,16823,8116,16823,3185249.2
CT,2021,3,FFSU,16954,7788,16954,3837329.8000000003
CT,2021,4,FFSU,16911,8089,16911,2983958.6
CT,2022,1,FFSU,17179,8075,17179,3477867.0
CT,2022,2,FFSU,17328,8083,17328,4065130.4
CT,2022,3,FFSU,17458,8081,17458,4696726.82
CT,2022,4,FFSU,17428,8137,17428,4520196.0
CT,2023,1,FFSU,17645,8177,17645,4404863.6
CT,2023,2,FFSU,17668,8215,17668,4313830.8
CT,2023,3,FFSU,17580,8255,17580,3937395.6
CT,2023,4,FFSU,17539,8185,17539,4203077.4
CT,2024,1,FFSU,17693,8307,17693,4019287.6
CT,2024,2,FFSU,17726,8292,17726,4090189.2
CT,2024,3,FFSU,17729,8218,17729,3606327.0
CT,2024,4,FFSU,17909,8235,17909,3424966.9
CT,2025,1,FFSU,17952,8273,17952,3657969.8
CT,2025,2,FFSU,17796,8121,17796,3498007.5
CT,2025,3,FFSU,17708,8163,17708,3280764.2
CT,2025,4,FFSU,17666,8038,17666,3539312.8
CT,2026,1,FFSU,17320,7814,17320,2237732.0
DC,2018,1,FFSU,9096,5779,9096,230270.38
DC,2018,1,MCOU,10335,6892,10335,334114.0
DC,2018,2,FFSU,9239,5943,9239,229229.74000000002
DC,2018,2,MCOU,10528,7000,10528,361464.0
DC,2018,3,FFSU,9106,5931,9106,217845.71
DC,2018,3,MCOU,10138,6882,10138,305418.0
DC,2018,4,FFSU,9235,6030,9235,216263.03
DC,2018,4,MCOU,10631,7132,10631,345812.3
DC,2019,1,FFSU,9194,6047,9194,210561.89
DC,2019,1,MCOU,10747,7249,10747,342291.48
DC,2019,2,FFSU,9253,6028,9253,215946.62
DC,2019,2,MCOU,10848,7326,10848,354782.0
DC,2019,3,FFSU,9248,6103,9248,211186.935
DC,2019,3,MCOU,10807,7360,10807,339875.73
DC,2019,4,FFSU,9185,6037,9185,206955.47
DC,2019,4,MCOU,10793,7333,10793,333761.0
DC,2020,1,FFSU,9170,6111,9170,201218.305
DC,2020,1,MCOU,10723,7292,10723,334258.6
DC,2020,2,FFSU,9051,6041,9051,198121.03999999998
DC,2020,2,MCOU,10348,7127,10348,298363.0
DC,2020,3,FFSU,9120,6009,9120,204339.16999999998
DC,2020,3,MCOU,10543,7219,10543,312214.0
DC,2020,4,FFSU,6955,5424,6955,74797.005
DC,2020,4,MCOU,12610,8241,12610,417481.0
DC,2021,1,FFSU,5899,4784,5899,56191.655
DC,2021,1,MCOU,12424,8038,12424,431175.37
DC,2021,2,FFSU,6218,4872,6218,71181.12
DC,2021,2,MCOU,12463,8020,12463,454977.3
DC,2021,3,FFSU,6008,4810,6008,62584.905
DC,2021,3,MCOU,12486,8013,12486,444115.89
DC,2021,4,FFSU,5837,4647,5837,61208.445
DC,2021,4,MCOU,12442,7473,12442,545990.41
DC,2022,1,FFSU,5806,4666,5806,90241.17499999999
DC,2022,1,MCOU,13312,8637,13312,461364.15
DC,2022,2,FFSU,5861,4694,5861,61485.625
DC,2022,2,MCOU,13621,8590,13621,524085.0
DC,2022,3,FFSU,5822,4662,5822,87212.44
DC,2022,3,MCOU,13657,8665,13657,506387.28
DC,2022,4,FFSU,5842,4700,5842,57525.335
DC,2022,4,MCOU,13819,8832,13819,505825.98
DC,2023,1,FFSU,5934,4796,5934,57520.47
DC,2023,1,MCOU,14001,9014,14001,499594.5
DC,2023,2,FFSU,6035,4863,6035,60105.530000000006
DC,2023,2,MCOU,13880,8929,13880,497208.95
DC,2023,3,FFSU,5913,4785,5913,55694.29
DC,2023,3,MCOU,13542,8730,13542,468810.55
DC,2023,4,FFSU,5958,4815,5958,55185.009999999995
DC,2023,4,MCOU,13542,8750,13542,453199.39
DC,2024,1,FFSU,6290,5089,6290,58056.990000000005
DC,2024,1,MCOU,13839,9044,13839,454467.8
DC,2024,2,FFSU,7283,5743,7283,75507.03
DC,2024,2,MCOU,14182,9118,14182,499539.07
DC,2024,3,FFSU,6854,5508,6854,63851.115
DC,2024,3,MCOU,14306,9158,14306,494777.07
DC,2024,4,FFSU,6446,5254,6446,56294.64
DC,2024,4,MCOU,14419,9240,14419,504508.09500000003
DC,2025,1,FFSU,6175,5060,6175,53331.100000000006
DC,2025,1,MCOU,14540,9268,14540,490142.95
DC,2025,2,FFSU,6298,5146,6298,54380.36
DC,2025,2,MCOU,13788,9083,13788,392094.42
DC,2025,3,FFSU,6032,4907,6032,52768.76
DC,2025,3,MCOU,13484,8987,13484,358418.69
DC,2025,4,FFSU,6198,5013,6198,58375.03
DC,2025,4,MCOU,12017,7838,12017,319860.49
DC,2026,1,FFSU,7832,6182,7832,81445.0
DC,2026,1,MCOU,12970,8577,12970,374887.0
DE,2018,1,FFSU,3649,3174,3649,11888.0
DE,2018,1,MCOU,11944,6917,11944,727489.957
DE,2018,2,FFSU,3542,3089,3542,11118.0
DE,2018,2,MCOU,11804,6653,11804,751784.106
DE,2018,3,FFSU,3664,3211,3664,11170.0
DE,2018,3,MCOU,11880,6855,11880,719984.851
DE,2018,4,FFSU,3427,2991,3427,11315.0
DE,2018,4,MCOU,11746,6663,11746,750742.0
DE,2019,1,FFSU,3593,3161,3593,11288.0
DE,2019,1,MCOU,12251,7039,12251,807262.96
DE,2019,2,FFSU,3530,3097,3530,11698.0
DE,2019,2,MCOU,12261,6920,12261,815847.46
DE,2019,3,FFSU,2683,2458,2683,5643.0
DE,2019,3,MCOU,12413,6977,12413,807660.36
DE,2019,4,FFSU,2742,2485,2742,6594.52
DE,2019,4,MCOU,12436,6993,12436,824419.3200000001
DE,2020,1,FFSU,2755,2498,2755,6057.0
DE,2020,1,MCOU,12470,7040,12470,816666.64
DE,2020,2,FFSU,2327,2145,2327,3613.0
DE,2020,2,MCOU,12185,6853,12185,720784.0
DE,2020,3,FFSU,2119,2009,2119,2100.0
DE,2020,3,MCOU,12237,6963,12237,804495.4
DE,2020,4,FFSU,2121,1994,2121,2576.0
DE,2020,4,MCOU,12292,7006,12292,832605.2
DE,2021,1,FFSU,2085,1965,2085,2528.0
DE,2021,1,MCOU,12489,7160,12489,799557.8
DE,2021,2,FFSU,1977,1864,1977,2362.0
DE,2021,2,MCOU,12451,7063,12451,821321.0
DE,2021,3,FFSU,2001,1905,2001,2094.0
DE,2021,3,MCOU,12582,7170,12582,786389.6
DE,2021,4,FFSU,1875,1784,1875,2069.0
DE,2021,4,MCOU,12548,7073,12548,777826.8
DE,2022,1,FFSU,1777,1702,1777,1587.0
DE,2022,1,MCOU,12764,7372,12764,915733.6
DE,2022,2,FFSU,1849,1775,1849,1668.0
DE,2022,2,MCOU,12461,7278,12461,907954.8
DE,2022,3,FFSU,1809,1716,1809,1929.0
DE,2022,3,MCOU,12214,7037,12214,791267.8
DE,2022,4,FFSU,1744,1667,1744,1573.0
DE,2022,4,MCOU,12540,7220,12540,836848.6
DE,2023,1,FFSU,1807,1726,1807,1697.0
DE,2023,1,MCOU,13178,7652,13178,885919.6
DE,2023,2,FFSU,1623,1537,1623,1975.0
DE,2023,2,MCOU,13118,7474,13118,865285.4
DE,2023,3,FFSU,1850,1771,1850,2987.0
DE,2023,3,MCOU,13177,7486,13177,873359.5
DE,2023,4,FFSU,1867,1784,1867,3077.0
DE,2023,4,MCOU,13141,7551,13141,832059.0
DE,2024,1,FFSU,2000,1918,2000,3063.0
DE,2024,1,MCOU,13232,7680,13232,768409.0
DE,2024,2,FFSU,2035,1920,2035,4006.0
DE,2024,2,MCOU,12997,7493,12997,711726.6
DE,2024,3,FFSU,2167,2059,2167,3480.0
DE,2024,3,MCOU,12893,7515,12893,652561.8
DE,2024,4,FFSU,2381,2249,2381,3793.0
DE,2024,4,MCOU,12953,7502,12953,660795.8
DE,2025,1,FFSU,2253,2155,2253,3457.0
DE,2025,1,MCOU,13064,7657,13064,647049.4
DE,2025,2,FFSU,2452,2312,2452,4272.0
DE,2025,2,MCOU,13066,7569,13066,650121.0
DE,2025,3,FFSU,2253,2141,2253,3606.0
DE,2025,3,MCOU,12973,7539,12973,638443.0
DE,2025,4,FFSU,2213,2099,2213,3679.0
DE,2025,4,MCOU,13001,7533,13001,649308.0
DE,2026,1,FFSU,2304,2207,2304,1833.0
DE,2026,1,MCOU,12744,7568,12744,515348.0
FL,2018,1,FFSU,12005,6190,12005,604903.0
FL,2018,1,MCOU,20012,8125,20012,7195568.0
FL,2018,2,FFSU,12018,6196,12018,598126.0
FL,2018,2,MCOU,20076,8041,20076,6778291.0
FL,2018,3,FFSU,12352,6643,12352,576716.0
FL,2018,3,MCOU,20134,8285,20134,6453248.0
FL,2018,4,FFSU,12269,6610,12269,580705.0
FL,2018,4,MCOU,20218,8356,20218,6621838.717
FL,2019,1,FFSU,12083,6870,12083,446276.0
FL,2019,1,MCOU,20536,8547,20536,6577307.882
FL,2019,2,FFSU,11205,6546,11205,345646.0
FL,2019,2,MCOU,20014,8171,20014,6441219.368000001
FL,2019,3,FFSU,10934,6335,10934,335785.0
FL,2019,3,MCOU,19879,8167,19879,6316243.94
FL,2019,4,FFSU,10924,6344,10924,328882.0
FL,2019,4,MCOU,19914,8151,19914,6570305.21
FL,2020,1,FFSU,11034,6512,11034,315511.0
FL,2020,1,MCOU,19923,8125,19923,6724676.6899999995
FL,2020,2,FFSU,10865,6424,10865,308515.0
FL,2020,2,MCOU,19702,8030,19702,5786217.898
FL,2020,3,FFSU,11024,6346,11024,340749.0
FL,2020,3,MCOU,19677,7870,19677,6071028.353
FL,2020,4,FFSU,10947,6443,10947,313544.0
FL,2020,4,MCOU,19905,7962,19905,6142436.637
FL,2021,1,FFSU,10833,6516,10833,290818.0
FL,2021,1,MCOU,20248,8236,20248,6398518.521
FL,2021,2,FFSU,10979,6304,10979,343225.0
FL,2021,2,MCOU,20163,8064,20163,6706169.0
FL,2021,3,FFSU,10692,6384,10692,281019.0
FL,2021,3,MCOU,20271,8087,20271,6687021.0
FL,2021,4,FFSU,10425,6303,10425,254434.0
FL,2021,4,MCOU,21846,8770,21846,7102374.0
FL,2022,1,FFSU,10474,6398,10474,250904.0
FL,2022,1,MCOU,21916,8923,21916,6946778.0
FL,2022,2,FFSU,10434,6375,10434,245244.0
FL,2022,2,MCOU,21272,8571,21272,7184956.0
FL,2022,3,FFSU,10383,6358,10383,239155.0
FL,2022,3,MCOU,21362,8648,21362,7043930.0
FL,2022,4,FFSU,10395,6375,10395,242355.0
FL,2022,4,MCOU,21518,8727,21518,7447087.0
FL,2023,1,FFSU,10448,6465,10448,238747.0
FL,2023,1,MCOU,21991,9030,21991,7506052.0
FL,2023,2,FFSU,10345,6438,10345,230095.0
FL,2023,2,MCOU,21773,9031,21773,7193843.0
FL,2023,3,FFSU,10285,6369,10285,233895.0
FL,2023,3,MCOU,21547,9021,21547,6331101.0
FL,2023,4,FFSU,10375,6533,10375,229338.0
FL,2023,4,MCOU,21658,9149,21658,6209257.0
FL,2024,1,FFSU,10028,6534,10028,192965.0
FL,2024,1,MCOU,21712,9171,21712,5986900.0
FL,2024,2,FFSU,9717,6338,9717,181082.0
FL,2024,2,MCOU,21418,9204,21418,5505164.0
FL,2024,3,FFSU,9659,6366,9659,177705.0
FL,2024,3,MCOU,21345,9052,21345,5278247.0
FL,2024,4,FFSU,9593,6278,9593,173700.0
FL,2024,4,MCOU,21425,9219,21425,5250012.0
FL,2025,1,FFSU,9635,6424,9635,161466.0
FL,2025,1,MCOU,21897,9440,21897,5342856.0
FL,2025,2,FFSU,9298,6214,9298,149042.0
FL,2025,2,MCOU,22056,9490,22056,5123732.0
FL,2025,3,FFSU,9098,6153,9098,137252.0
FL,2025,3,MCOU,21826,9322,21826,4970945.0
FL,2025,4,FFSU,9233,6168,9233,148118.0
FL,2025,4,MCOU,21964,9371,21964,5078514.0
FL,2026,1,FFSU,8916,6117,8916,127435.0
FL,2026,1,MCOU,22010,9409,22010,5144472.0
GA,2018,1,FFSU,15398,6488,15398,2315297.0
GA,2018,1,MCOU,15473,7468,15473,2839165.0
GA,2018,2,FFSU,15417,6483,15417,1906602.0
GA,2018,2,MCOU,15538,7552,15538,2305139.0
GA,2018,3,FFSU,15356,6540,15356,1858991.0
GA,2018,3,MCOU,15752,7936,15752,2149290.0
GA,2018,4,FFSU,15328,6566,15328,1828405.54
GA,2018,4,MCOU,15863,7945,15863,2456481.0
GA,2019,1,FFSU,15314,6547,15314,1883108.3199999998
GA,2019,1,MCOU,16088,8197,16088,2495276.0
GA,2019,2,FFSU,15348,6631,15348,1848045.8
GA,2019,2,MCOU,16120,8312,16120,2214357.0
GA,2019,3,FFSU,15266,6657,15266,1834184.96
GA,2019,3,MCOU,16264,8435,16264,2155737.0
GA,2019,4,FFSU,15373,6749,15373,1805890.96
GA,2019,4,MCOU,16085,8406,16085,2257887.0
GA,2020,1,FFSU,15440,6661,15440,1867181.08
GA,2020,1,MCOU,15945,8350,15945,2222273.0
GA,2020,2,FFSU,15223,6588,15223,1769857.0
GA,2020,2,MCOU,15781,8228,15781,1843037.0
GA,2020,3,FFSU,15201,6620,15201,1699182.92
GA,2020,3,MCOU,15994,8214,15994,2063964.0
GA,2020,4,FFSU,15059,6543,15059,1653875.93
GA,2020,4,MCOU,16146,8206,16146,2128691.0
GA,2021,1,FFSU,15200,6700,15200,1624781.5
GA,2021,1,MCOU,16252,8188,16252,2211415.0
GA,2021,2,FFSU,15144,6536,15144,1641207.0
GA,2021,2,MCOU,16448,8261,16448,2349862.0
GA,2021,3,FFSU,15251,6480,15251,1743257.0
GA,2021,3,MCOU,16217,8239,16217,2210624.0
GA,2021,4,FFSU,15437,6411,15437,1901357.0
GA,2021,4,MCOU,16340,8158,16340,2483525.0
GA,2022,1,FFSU,15453,6758,15453,1663615.0
GA,2022,1,MCOU,16689,8347,16689,2476155.0
GA,2022,2,FFSU,15577,6708,15577,1775461.0
GA,2022,2,MCOU,16639,8665,16639,2079187.0
GA,2022,3,FFSU,15631,6568,15631,1874710.0
GA,2022,3,MCOU,17116,8421,17116,2741929.0
GA,2022,4,FFSU,15500,6625,15500,1702866.0
GA,2022,4,MCOU,17081,8401,17081,2949899.0
GA,2023,1,FFSU,16172,7105,16172,1753301.0
GA,2023,1,MCOU,18212,9341,18212,2891363.0
GA,2023,2,FFSU,15610,6663,15610,1751605.0
GA,2023,2,MCOU,17428,8617,17428,2725470.0
GA,2023,3,FFSU,15688,6765,15688,1659957.0
GA,2023,3,MCOU,17265,8681,17265,2534336.0
GA,2023,4,FFSU,15770,6976,15770,1591973.0
GA,2023,4,MCOU,16979,8803,16979,2485857.0
GA,2024,1,FFSU,15797,7066,15797,1539191.0
GA,2024,1,MCOU,16776,8847,16776,2289854.0
GA,2024,2,FFSU,15643,6965,15643,1511960.0
GA,2024,2,MCOU,16341,8651,16341,2013048.0
GA,2024,3,FFSU,15781,7119,15781,1481329.0
GA,2024,3,MCOU,16149,8557,16149,1986827.0
GA,2024,4,FFSU,15581,7004,15581,1431242.0
GA,2024,4,MCOU,15981,8383,15981,2199056.0
GA,2025,1,FFSU,15784,7053,15784,1478786.0
GA,2025,1,MCOU,15952,8483,15952,2043902.0
GA,2025,2,FFSU,15478,6860,15478,1462188.0
GA,2025,2,MCOU,16080,8599,16080,1908837.0
GA,2025,3,FFSU,15524,6926,15524,1433205.0
GA,2025,3,MCOU,16105,8616,16105,1901310.0
GA,2025,4,FFSU,15506,6914,15506,1427671.0
GA,2025,4,MCOU,16014,8501,16014,1999724.0
GA,2026,1,FFSU,15868,7054,15868,1496322.0
GA,2026,1,MCOU,15533,8480,15533,1733004.0
HI,2018,1,FFSU,469,437,469,978.0
HI,2018,1,MCOU,11681,5979,11681,780816.1000000001
HI,2018,2,FFSU,405,383,405,647.0
HI,2018,2,MCOU,11684,5965,11684,1802416.2929999998
HI,2018,3,FFSU,395,368,395,634.0
HI,2018,3,MCOU,11272,5965,11272,1055048.729
HI,2018,4,FFSU,301,284,301,593.0
HI,2018,4,MCOU,10716,5906,10716,596562.8
HI,2019,1,FFSU,351,331,351,638.0
HI,2019,1,MCOU,11262,6117,11262,2166869.385
HI,2019,2,FFSU,355,339,355,633.0
HI,2019,2,MCOU,11176,6195,11176,1370014.0
HI,2019,3,FFSU,305,294,305,413.0
HI,2019,3,MCOU,11150,6168,11150,1627724.0
HI,2019,4,FFSU,320,305,320,579.0
HI,2019,4,MCOU,11046,6164,11046,2139654.3899999997
HI,2020,1,FFSU,287,273,287,496.0
HI,2020,1,MCOU,11026,6045,11026,1656678.98
HI,2020,2,FFSU,228,220,228,277.0
HI,2020,2,MCOU,10861,6105,10861,1353879.19
HI,2020,3,FFSU,262,250,262,482.0
HI,2020,3,MCOU,11117,6253,11117,1307779.445
HI,2020,4,FFSU,286,271,286,532.0
HI,2020,4,MCOU,11137,6187,11137,1190063.83
HI,2021,1,FFSU,328,312,328,533.0
HI,2021,1,MCOU,11281,6234,11281,1410321.56
HI,2021,2,FFSU,316,303,316,493.0
HI,2021,2,MCOU,11571,6369,11571,1206991.284
HI,2021,3,FFSU,365,342,365,1062.0
HI,2021,3,MCOU,11157,6424,11157,977940.282
HI,2021,4,FFSU,364,339,364,1216.0
HI,2021,4,MCOU,11099,6480,11099,1445478.435
HI,2022,1,FFSU,413,385,413,1295.0
HI,2022,1,MCOU,11077,6449,11077,1580272.118
HI,2022,2,FFSU,434,407,434,1204.0
HI,2022,2,MCOU,12387,6945,12387,1486377.42
HI,2022,3,FFSU,396,366,396,1267.0
HI,2022,3,MCOU,12436,6998,12436,1905577.095
HI,2022,4,FFSU,444,418,444,1129.0
HI,2022,4,MCOU,11116,6602,11116,1245968.991
HI,2023,1,FFSU,546,483,546,4159.0
HI,2023,1,MCOU,12779,7189,12779,817691.228
HI,2023,2,FFSU,571,491,571,6277.0
HI,2023,2,MCOU,12725,7241,12725,854358.688
HI,2023,3,FFSU,628,547,628,6199.0
HI,2023,3,MCOU,12310,7069,12310,748904.361
HI,2023,4,FFSU,604,531,604,6138.0
HI,2023,4,MCOU,12704,7174,12704,845119.988
HI,2024,1,FFSU,614,537,614,6592.0
HI,2024,1,MCOU,12795,7238,12795,829492.355
HI,2024,2,FFSU,576,498,576,6816.0
HI,2024,2,MCOU,12827,7277,12827,905890.254
HI,2024,3,FFSU,538,451,538,6760.0
HI,2024,3,MCOU,12737,7209,12737,780011.29
HI,2024,4,FFSU,564,483,564,6608.0
HI,2024,4,MCOU,12701,7218,12701,762558.145
HI,2025,1,FFSU,542,470,542,6004.0
HI,2025,1,MCOU,11426,6868,11426,603412.4550000001
HI,2025,2,FFSU,536,458,536,6569.0
HI,2025,2,MCOU,11319,6837,11319,567091.48
HI,2025,3,FFSU,603,518,603,7461.0
HI,2025,3,MCOU,11065,6710,11065,527728.97
HI,2025,4,FFSU,569,481,569,6093.0
HI,2025,4,MCOU,10971,6673,10971,504428.175
HI,2026,1,FFSU,557,473,557,6493.0
HI,2026,1,MCOU,9796,6325,9796,308074.0
IA,2018,1,FFSU,7928,5720,7928,161641.0
IA,2018,1,MCOU,13623,6712,13623,2612334.5
IA,2018,2,FFSU,6690,5269,6690,50874.0
IA,2018,2,MCOU,13941,7009,13941,1672133.5
IA,2018,3,FFSU,6415,5067,6415,47628.0
IA,2018,3,MCOU,13828,6998,13828,1493250.16
IA,2018,4,FFSU,6544,5180,6544,51263.0
IA,2018,4,MCOU,13897,7052,13897,1593169.8
IA,2019,1,FFSU,6547,5243,6547,137577.0
IA,2019,1,MCOU,14135,7218,14135,1559390.8
IA,2019,2,FFSU,6437,5057,6437,93476.0
IA,2019,2,MCOU,14181,7183,14181,1640246.4
IA,2019,3,FFSU,5476,4540,5476,27898.0
IA,2019,3,MCOU,15327,7828,15327,3197086.4
IA,2019,4,FFSU,4938,4169,4938,22681.0
IA,2019,4,MCOU,14783,7353,14783,2230176.6
IA,2020,1,FFSU,5230,4306,5230,27148.0
IA,2020,1,MCOU,15097,7132,15097,2908449.4
IA,2020,2,FFSU,4631,3916,4631,20349.0
IA,2020,2,MCOU,14497,7530,14497,1463748.6
IA,2020,3,FFSU,4671,3982,4671,19130.0
IA,2020,3,MCOU,15128,6811,15128,3265538.0
IA,2020,4,FFSU,4684,4028,4684,18305.0
IA,2020,4,MCOU,16206,7620,16206,3394574.8
IA,2021,1,FFSU,4992,4234,4992,20877.0
IA,2021,1,MCOU,16656,7930,16656,2419842.6
IA,2021,2,FFSU,4875,4157,4875,19903.0
IA,2021,2,MCOU,16886,7996,16886,3391382.2
IA,2021,3,FFSU,4759,4077,4759,18251.0
IA,2021,3,MCOU,17036,8002,17036,3688353.2
IA,2021,4,FFSU,4671,4038,4671,17158.0
IA,2021,4,MCOU,17308,8157,17308,3518641.0
IA,2022,1,FFSU,4986,4300,4986,18224.0
IA,2022,1,MCOU,17613,8318,17613,3839319.3
IA,2022,2,FFSU,4825,4170,4825,19000.0
IA,2022,2,MCOU,17613,8296,17613,3906272.8
IA,2022,3,FFSU,4818,4196,4818,18899.4
IA,2022,3,MCOU,17841,8394,17841,4312243.5
IA,2022,4,FFSU,4818,4167,4818,18480.0
IA,2022,4,MCOU,17963,8476,17963,3983889.2
IA,2023,1,FFSU,5055,4352,5055,19419.0
IA,2023,1,MCOU,18441,8651,18441,4059734.8000000003
IA,2023,2,FFSU,2889,2621,2889,9745.0
IA,2023,2,MCOU,18514,8828,18514,3635545.3999999994
IA,2023,3,FFSU,4933,4279,4933,17641.0
IA,2023,3,MCOU,18175,8598,18175,3548936.5
IA,2023,4,FFSU,4998,4365,4998,18233.0
IA,2023,4,MCOU,18008,8466,18008,3478643.3
IA,2024,1,FFSU,4471,4109,4471,9495.0
IA,2024,1,MCOU,18277,8530,18277,3619965.9
IA,2024,2,FFSU,5276,4477,5276,22100.0
IA,2024,2,MCOU,18134,8574,18134,3639073.2
IA,2024,3,FFSU,4928,4323,4928,15358.0
IA,2024,3,MCOU,18051,8414,18051,3131898.0
IA,2024,4,FFSU,4737,4229,4737,14101.0
IA,2024,4,MCOU,17967,8454,17967,2498685.7
IA,2025,1,FFSU,4882,4315,4882,14549.0
IA,2025,1,MCOU,18113,8514,18113,2511906.6
IA,2025,2,FFSU,4823,4269,4823,13514.0
IA,2025,2,MCOU,18150,8606,18150,2511289.4
IA,2025,3,FFSU,4583,4087,4583,12131.0
IA,2025,3,MCOU,17960,8514,17960,2447535.1
IA,2025,4,FFSU,4587,4110,4587,12259.0
IA,2025,4,MCOU,17894,8413,17894,2385776.0
IA,2026,1,FFSU,4843,4383,4843,10611.0
IA,2026,1,MCOU,17281,8756,17281,1422703.0
ID,2018,1,FFSU,10962,5599,10962,610536.0
ID,2018,2,FFSU,11026,5775,11026,565891.0
ID,2018,3,FFSU,11097,5871,11097,547485.0
ID,2018,4,FFSU,11392,5935,11392,601199.0
ID,2019,1,FFSU,11275,6026,11275,553987.0
ID,2019,2,FFSU,11376,5970,11376,572059.0
ID,2019,3,FFSU,11439,5973,11439,589351.0
ID,2019,4,FFSU,11381,6006,11381,563401.0
ID,2020,1,FFSU,12346,6278,12346,789469.0
ID,2020,2,FFSU,12675,6376,12675,791198.0
ID,2020,3,FFSU,13012,6483,13012,858880.0
ID,2020,4,FFSU,13051,6425,13051,895354.0
ID,2021,1,FFSU,13366,6569,13366,945378.0
ID,2021,2,FFSU,13290,6560,13290,924112.0
ID,2021,3,FFSU,13560,6616,13560,995105.0
ID,2021,4,FFSU,13716,6631,13716,1023325.0
ID,2022,1,FFSU,14037,6778,14037,1056028.0
ID,2022,2,FFSU,14380,6976,14380,1103739.0
ID,2022,3,FFSU,14343,6999,14343,1078484.0
ID,2022,4,FFSU,14416,7145,14416,1057260.0
ID,2023,1,FFSU,14824,7266,14824,1148994.0
ID,2023,2,FFSU,14746,7233,14746,1093792.0
ID,2023,3,FFSU,14526,7407,14526,945503.0
ID,2023,4,FFSU,14561,7478,14561,932055.0
ID,2024,1,FFSU,14688,7456,14688,966461.0
ID,2024,2,FFSU,14862,7529,14862,980669.0
ID,2024,3,FFSU,15037,7683,15037,985606.0
ID,2024,4,FFSU,14897,7637,14897,926919.0
ID,2025,1,FFSU,15040,7609,15040,977980.0
ID,2025,2,FFSU,12977,6148,12977,963001.0
ID,2025,3,FFSU,14917,7520,14917,925771.0
ID,2025,4,FFSU,14947,7538,14947,927119.0
ID,2026,1,FFSU,15049,7420,15049,1015270.0
IL,2018,1,FFSU,14824,6439,14824,2783527.2
IL,2018,1,MCOU,17725,7343,17725,5440756.2
IL,2018,2,FFSU,13265,7142,13265,1018067.0
IL,2018,2,MCOU,18607,7381,18607,7116590.6
IL,2018,3,FFSU,12563,7031,12563,781936.2
IL,2018,3,MCOU,18417,7175,18417,6778647.6
IL,2018,4,FFSU,12336,7064,12336,764309.6
IL,2018,4,MCOU,18507,7163,18507,7172154.199999999
IL,2019,1,FFSU,12618,7208,12618,788637.0
IL,2019,1,MCOU,18741,7372,18741,7104723.2
IL,2019,2,FFSU,12514,7088,12514,776457.0
IL,2019,2,MCOU,18754,7414,18754,7360718.0
IL,2019,3,FFSU,12284,7191,12284,725912.6
IL,2019,3,MCOU,19423,7825,19423,7670876.8
IL,2019,4,FFSU,12410,7284,12410,709632.8
IL,2019,4,MCOU,19468,7776,19468,7787842.2
IL,2020,1,FFSU,12395,7356,12395,650640.0
IL,2020,1,MCOU,19543,7586,19543,8255195.8
IL,2020,2,FFSU,12165,7199,12165,579143.4
IL,2020,2,MCOU,19206,7575,19206,7006455.4
IL,2020,3,FFSU,11438,7089,11438,496278.6
IL,2020,3,MCOU,19213,7348,19213,8951847.0
IL,2020,4,FFSU,10852,7072,10852,395502.6
IL,2020,4,MCOU,19331,7547,19331,8582918.2
IL,2021,1,FFSU,11544,7315,11544,454413.0
IL,2021,1,MCOU,19739,7527,19739,10684980.2
IL,2021,2,FFSU,11210,7078,11210,480633.2
IL,2021,2,MCOU,19676,7579,19676,11357894.0
IL,2021,3,FFSU,11229,7131,11229,448285.4
IL,2021,3,MCOU,19865,7442,19865,10811314.4
IL,2021,4,FFSU,11397,7166,11397,494223.0
IL,2021,4,MCOU,20298,7674,20298,11076268.6
IL,2022,1,FFSU,11695,7347,11695,511592.6
IL,2022,1,MCOU,20553,7747,20553,12249349.2
IL,2022,2,FFSU,11592,7326,11592,518788.6
IL,2022,2,MCOU,20540,7819,20540,12501470.6
IL,2022,3,FFSU,11865,7366,11865,597097.3
IL,2022,3,MCOU,20668,7745,20668,13998856.8
IL,2022,4,FFSU,11858,7472,11858,581134.4
IL,2022,4,MCOU,20711,7665,20711,13709702.2
IL,2023,1,FFSU,12429,7652,12429,676648.5
IL,2023,1,MCOU,21045,7917,21045,14294552.2
IL,2023,2,FFSU,12249,7744,12249,616974.7
IL,2023,2,MCOU,21099,8574,21099,12458864.0
IL,2023,3,FFSU,11838,7573,11838,506699.1
IL,2023,3,MCOU,21057,8683,21057,11519966.0
IL,2023,4,FFSU,11695,7386,11695,593783.9
IL,2023,4,MCOU,20892,8615,20892,11360691.35
IL,2024,1,FFSU,11663,7707,11663,461280.2
IL,2024,1,MCOU,20696,8409,20696,12042736.2
IL,2024,2,FFSU,13477,8180,13477,796311.2
IL,2024,2,MCOU,20153,7974,20153,11381447.6
IL,2024,3,FFSU,13511,8378,13511,690294.2
IL,2024,3,MCOU,20056,8008,20056,10883964.9
IL,2024,4,FFSU,13395,8270,13395,639711.1
IL,2024,4,MCOU,20045,7857,20045,9928127.2
IL,2025,1,FFSU,13741,8311,13741,716276.2
IL,2025,1,MCOU,20041,7878,20041,10105953.9
IL,2025,2,FFSU,13164,8115,13164,582564.0
IL,2025,2,MCOU,20040,7878,20040,9974691.9
IL,2025,3,FFSU,11955,7521,11955,529490.4
IL,2025,3,MCOU,20064,7912,20064,10077778.6
IL,2025,4,FFSU,11747,7349,11747,497991.2
IL,2025,4,MCOU,19992,7840,19992,8869545.5
IL,2026,1,FFSU,12015,7511,12015,372182.0
IL,2026,1,MCOU,18886,8233,18886,3445936.0
IN,2018,1,FFSU,11882,6665,11882,676854.5
IN,2018,1,MCOU,18591,8334,18591,4689619.97
IN,2018,2,FFSU,12126,6717,12126,738731.51
IN,2018,2,MCOU,18414,8301,18414,4667581.007999999
IN,2018,3,FFSU,11874,6666,11874,659774.78
IN,2018,3,MCOU,18387,8256,18387,4524632.178
IN,2018,4,FFSU,12060,6713,12060,710651.4400000001
IN,2018,4,MCOU,18502,8464,18502,4616997.024
IN,2019,1,FFSU,12524,6949,12524,737429.49
IN,2019,1,MCOU,17760,8009,17760,4630883.4
IN,2019,2,FFSU,12384,6887,12384,736608.5
IN,2019,2,MCOU,17598,7992,17598,4491215.181
IN,2019,3,FFSU,12266,6827,12266,734819.597
IN,2019,3,MCOU,17773,8152,17773,4460079.4969999995
IN,2019,4,FFSU,12402,6742,12402,777972.996
IN,2019,4,MCOU,17923,8110,17923,4394245.6620000005
IN,2020,1,FFSU,12570,6752,12570,798226.394
IN,2020,1,MCOU,17966,8030,17966,4529015.454
IN,2020,2,FFSU,12405,6770,12405,748897.596
IN,2020,2,MCOU,17828,7982,17828,4040162.693
IN,2020,3,FFSU,12588,6852,12588,761501.596
IN,2020,3,MCOU,18263,8105,18263,4811272.085
IN,2020,4,FFSU,12491,6843,12491,735899.596
IN,2020,4,MCOU,18411,8171,18411,5131516.904999999
IN,2021,1,FFSU,12641,6917,12641,720030.593
IN,2021,1,MCOU,18715,8270,18715,5223787.098
IN,2021,2,FFSU,12630,6775,12630,745613.99
IN,2021,2,MCOU,18848,8245,18848,5543194.502
IN,2021,3,FFSU,12782,7024,12782,755614.985
IN,2021,3,MCOU,19378,8527,19378,5747248.933
IN,2021,4,FFSU,12792,7114,12792,836916.985
IN,2021,4,MCOU,19415,8562,19415,6617149.951
IN,2022,1,FFSU,12912,7128,12912,912833.598
IN,2022,1,MCOU,19660,8612,19660,7359499.189
IN,2022,2,FFSU,12834,7022,12834,1042160.4
IN,2022,2,MCOU,19724,8531,19724,8404745.4
IN,2022,3,FFSU,13069,7243,13069,985228.9
IN,2022,3,MCOU,19553,8328,19553,8708349.4
IN,2022,4,FFSU,13165,7211,13165,1033410.2
IN,2022,4,MCOU,19629,8359,19629,8458019.4
IN,2023,1,FFSU,13588,7571,13588,1025819.3
IN,2023,1,MCOU,20025,8500,20025,9612299.4
IN,2023,2,FFSU,13560,7463,13560,1060218.0
IN,2023,2,MCOU,20194,8696,20194,9075020.4
IN,2023,3,FFSU,13778,7633,13778,1029032.5
IN,2023,3,MCOU,19893,8692,19893,7698143.397
IN,2023,4,FFSU,13773,7556,13773,1071527.1
IN,2023,4,MCOU,19478,8750,19478,7090244.398
IN,2024,1,FFSU,14016,7742,14016,1078664.4
IN,2024,1,MCOU,19768,8964,19768,7046932.0
IN,2024,2,FFSU,13977,7698,13977,1086501.7
IN,2024,2,MCOU,19520,8879,19520,6473184.995
IN,2024,3,FFSU,13136,7513,13136,692540.8
IN,2024,3,MCOU,20011,8976,20011,6518889.796
IN,2024,4,FFSU,12861,7323,12861,605087.2
IN,2024,4,MCOU,19974,8926,19974,6080145.196
IN,2025,1,FFSU,12579,7339,12579,594131.4
IN,2025,1,MCOU,20102,9038,20102,6454055.4969999995
IN,2025,2,FFSU,12650,7214,12650,649346.6
IN,2025,2,MCOU,19869,8887,19869,6254439.8
IN,2025,3,FFSU,12683,7125,12683,648255.9
IN,2025,3,MCOU,19768,8811,19768,6063813.7979999995
IN,2025,4,FFSU,12612,7215,12612,592711.5
IN,2025,4,MCOU,19609,8733,19609,5625677.5
IN,2026,1,FFSU,12779,7260,12779,485580.0
IN,2026,1,MCOU,18483,8467,18483,3214089.0
KS,2018,1,FFSU,1161,1021,1161,5220.0
KS,2018,1,MCOU,14410,7516,14410,1107556.0
KS,2018,2,FFSU,1083,963,1083,3788.0
KS,2018,2,MCOU,14364,7573,14364,974293.8
KS,2018,3,FFSU,1120,1011,1120,3059.0
KS,2018,3,MCOU,14303,7518,14303,1008331.8
KS,2018,4,FFSU,1009,917,1009,2865.0
KS,2018,4,MCOU,14447,7508,14447,975014.8
KS,2019,1,FFSU,1156,973,1156,7600.0
KS,2019,1,MCOU,14517,7634,14517,1082099.4
KS,2019,2,FFSU,1110,997,1110,3551.0
KS,2019,2,MCOU,14295,7558,14295,1043046.4
KS,2019,3,FFSU,1146,1034,1146,3586.0
KS,2019,3,MCOU,14380,7628,14380,994065.2000000001
KS,2019,4,FFSU,1003,916,1003,3260.0
KS,2019,4,MCOU,14360,7523,14360,1044748.8999999999
KS,2020,1,FFSU,1080,991,1080,2988.0
KS,2020,1,MCOU,14605,7600,14605,981382.5
KS,2020,2,FFSU,1003,925,1003,2311.0
KS,2020,2,MCOU,14335,7516,14335,870078.8
KS,2020,3,FFSU,882,807,882,2165.0
KS,2020,3,MCOU,14152,7556,14152,877923.2
KS,2020,4,FFSU,456,414,456,1518.0
KS,2020,4,MCOU,13871,6747,13871,1113163.6
KS,2021,1,FFSU,787,729,787,1644.0
KS,2021,1,MCOU,14941,7700,14941,1083566.3
KS,2021,2,FFSU,837,762,837,2051.0
KS,2021,2,MCOU,15133,7756,15133,1257965.8
KS,2021,3,FFSU,788,720,788,2141.0
KS,2021,3,MCOU,15170,7709,15170,1355717.6
KS,2021,4,FFSU,754,699,754,1817.0
KS,2021,4,MCOU,15318,7779,15318,1366207.0
KS,2022,1,FFSU,712,659,712,2532.0
KS,2022,1,MCOU,15237,7726,15237,1262069.8
KS,2022,2,FFSU,722,670,722,1565.2
KS,2022,2,MCOU,15363,7803,15363,1605452.2
KS,2022,3,FFSU,854,779,854,2183.0
KS,2022,3,MCOU,15414,7925,15414,1528155.8
KS,2022,4,FFSU,782,716,782,2318.0
KS,2022,4,MCOU,15550,7743,15550,1474184.8
KS,2023,1,FFSU,893,828,893,1934.0
KS,2023,1,MCOU,16112,7969,16112,1481543.7
KS,2023,2,FFSU,941,877,941,1846.0
KS,2023,2,MCOU,15869,8045,15869,1359825.6
KS,2023,3,FFSU,1027,969,1027,1746.0
KS,2023,3,MCOU,15620,7912,15620,1335472.8
KS,2023,4,FFSU,1050,987,1050,1912.0
KS,2023,4,MCOU,15522,7996,15522,1243163.8
KS,2024,1,FFSU,998,927,998,1843.0
KS,2024,1,MCOU,15544,7620,15544,1330060.2
KS,2024,2,FFSU,966,903,966,1837.0
KS,2024,2,MCOU,15222,7583,15222,1237328.9
KS,2024,3,FFSU,1128,1058,1128,2000.0
KS,2024,3,MCOU,15011,7683,15011,1054528.0
KS,2024,4,FFSU,1136,1061,1136,2177.0
KS,2024,4,MCOU,15131,7638,15131,1074541.6
KS,2025,1,FFSU,1312,1221,1312,2342.0
KS,2025,1,MCOU,14969,7597,14969,1025567.7
KS,2025,2,FFSU,1272,1130,1272,3822.0
KS,2025,2,MCOU,15116,7804,15116,1018614.5
KS,2025,3,FFSU,1189,1074,1189,2711.0
KS,2025,3,MCOU,15221,7986,15221,1003115.0
KS,2025,4,FFSU,1211,1100,1211,3036.0
KS,2025,4,MCOU,15077,7903,15077,987486.2
KS,2026,1,FFSU,1125,1035,1125,2222.0
KS,2026,1,MCOU,13787,8236,13787,467537.0
KY,2018,1,FFSU,10711,6832,10711,299666.0
KY,2018,1,MCOU,22629,9393,22629,6071155.0
KY,2018,2,FFSU,10637,7014,10637,256648.0
KY,2018,2,MCOU,22464,9328,22464,6002099.0
KY,2018,3,FFSU,10961,6997,10961,302491.0
KY,2018,3,MCOU,23111,10287,23111,5061870.0
KY,2018,4,FFSU,10632,7005,10632,245335.0
KY,2018,4,MCOU,23219,9716,23219,6226551.9
KY,2019,1,FFSU,10717,6837,10717,276264.0
KY,2019,1,MCOU,23102,10352,23102,4986066.5
KY,2019,2,FFSU,10695,7030,10695,253118.0
KY,2019,2,MCOU,22905,10085,22905,4325422.0
KY,2019,3,FFSU,10825,6897,10825,285913.0
KY,2019,3,MCOU,23241,10262,23241,4359026.0
KY,2019,4,FFSU,10964,7223,10964,244278.0
KY,2019,4,MCOU,23565,11306,23565,4072490.0
KY,2020,1,FFSU,11252,7081,11252,300387.0
KY,2020,1,MCOU,23780,11506,23780,4272920.0
KY,2020,2,FFSU,12199,7779,12199,308102.85
KY,2020,2,MCOU,22634,10500,22634,3586540.0
KY,2020,3,FFSU,14169,8146,14169,556920.0
KY,2020,3,MCOU,22590,10469,22590,3646294.0
KY,2020,4,FFSU,14492,8341,14492,567029.0
KY,2020,4,MCOU,22563,10382,22563,3593485.0
KY,2021,1,FFSU,11210,7301,11210,237589.0
KY,2021,1,MCOU,23684,12721,23684,3596794.0
KY,2021,2,FFSU,10617,6920,10617,219375.0
KY,2021,2,MCOU,23760,11068,23760,4535126.0
KY,2021,3,FFSU,10799,6791,10799,290330.0
KY,2021,3,MCOU,23657,10640,23657,5191182.0
KY,2021,4,FFSU,10662,6952,10662,255094.0
KY,2021,4,MCOU,23603,10703,23603,4356788.0
KY,2022,1,FFSU,10804,7066,10804,254980.0
KY,2022,1,MCOU,23761,11377,23761,3813782.0
KY,2022,2,FFSU,11182,7395,11182,258595.0
KY,2022,2,MCOU,24431,11351,24431,4270217.0
KY,2022,3,FFSU,11383,7289,11383,286151.0
KY,2022,3,MCOU,24617,11771,24617,4378529.0
KY,2022,4,FFSU,11214,7080,11214,309065.0
KY,2022,4,MCOU,24656,11710,24656,4348874.0
KY,2023,1,FFSU,12968,9053,12968,268310.0
KY,2023,1,MCOU,26523,13391,26523,4183478.0
KY,2023,2,FFSU,11714,7532,11714,305238.0
KY,2023,2,MCOU,25169,12166,25169,4380057.0
KY,2023,3,FFSU,11392,7654,11392,255119.0
KY,2023,3,MCOU,24939,12349,24939,3944071.0
KY,2023,4,FFSU,11789,7521,11789,337195.0
KY,2023,4,MCOU,24807,12525,24807,4635706.0
KY,2024,1,FFSU,11754,7408,11754,388800.2
KY,2024,1,MCOU,24475,10208,24475,8888110.1
KY,2024,2,FFSU,12225,7634,12225,466545.4
KY,2024,2,MCOU,22927,9968,22927,7594765.820000001
KY,2024,3,FFSU,11757,7232,11757,459627.04
KY,2024,3,MCOU,23185,9088,23185,6420401.829999999
KY,2024,4,FFSU,11898,7389,11898,445961.0
KY,2024,4,MCOU,24066,9622,24066,7036301.4
KY,2025,1,FFSU,12420,7705,12420,442787.6
KY,2025,1,MCOU,24881,10687,24881,8052051.6
KY,2025,2,FFSU,12237,7621,12237,480157.6
KY,2025,2,MCOU,24832,10288,24832,8521061.879999999
KY,2025,3,FFSU,12054,7480,12054,439820.2
KY,2025,3,MCOU,24575,9208,24575,8384813.4
KY,2025,4,FFSU,11779,7442,11779,411485.0
KY,2025,4,MCOU,24178,9093,24178,8165241.8
KY,2026,1,FFSU,11826,7386,11826,376557.0
KY,2026,1,MCOU,23166,9182,23166,5265518.0
LA,2018,1,FFSU,8645,5386,8645,202229.0
LA,2018,1,MCOU,18489,7816,18489,4677059.0
LA,2018,2,FFSU,8794,5469,8794,208275.0
LA,2018,2,MCOU,18770,7907,18770,4587493.0
LA,2018,3,FFSU,8793,5558,8793,192615.0
LA,2018,3,MCOU,18875,7996,18875,4615626.0
LA,2018,4,FFSU,8647,5491,8647,191296.0
LA,2018,4,MCOU,19104,8173,19104,4799899.0
LA,2019,1,FFSU,8775,5542,8775,191256.0
LA,2019,1,MCOU,19346,8262,19346,4915197.0
LA,2019,2,FFSU,8659,5569,8659,176479.0
LA,2019,2,MCOU,19180,8401,19180,4441430.0
LA,2019,3,FFSU,8608,5609,8608,172915.0
LA,2019,3,MCOU,18993,8309,18993,4634970.0
LA,2019,4,FFSU,8573,5456,8573,181059.0
LA,2019,4,MCOU,18731,8023,18731,4861515.0
LA,2020,1,FFSU,8826,5752,8826,176024.0
LA,2020,1,MCOU,18878,7966,18878,4974447.0
LA,2020,2,FFSU,8953,5771,8953,192166.0
LA,2020,2,MCOU,18545,7848,18545,4289262.3
LA,2020,3,FFSU,8391,5553,8391,160523.0
LA,2020,3,MCOU,18794,7918,18794,4601451.0
LA,2020,4,FFSU,8434,5624,8434,156047.0
LA,2020,4,MCOU,19034,8022,19034,4794697.0
LA,2021,1,FFSU,8374,5644,8374,153732.0
LA,2021,1,MCOU,19133,8040,19133,4777833.0
LA,2021,2,FFSU,8436,5728,8436,152699.0
LA,2021,2,MCOU,19341,8086,19341,5059901.0
LA,2021,3,FFSU,8504,5797,8504,154227.0
LA,2021,3,MCOU,19327,8059,19327,4954044.0
LA,2021,4,FFSU,8410,5746,8410,151483.0
LA,2021,4,MCOU,19432,8000,19432,5081412.0
LA,2022,1,FFSU,8424,5788,8424,146811.0
LA,2022,1,MCOU,19560,8079,19560,5072060.0
LA,2022,2,FFSU,8443,5794,8443,148002.0
LA,2022,2,MCOU,19507,7957,19507,5109932.0
LA,2022,3,FFSU,8489,5842,8489,147947.0
LA,2022,3,MCOU,19676,8015,19676,5257300.0
LA,2022,4,FFSU,8363,5763,8363,145637.0
LA,2022,4,MCOU,19692,8086,19692,5400491.0
LA,2023,1,FFSU,10442,6988,10442,212340.0
LA,2023,1,MCOU,21211,9382,21211,5308952.0
LA,2023,2,FFSU,10368,6650,10368,242382.0
LA,2023,2,MCOU,19858,8232,19858,5214127.0
LA,2023,3,FFSU,10487,6757,10487,249254.0
LA,2023,3,MCOU,19735,8273,19735,5082128.0
LA,2023,4,FFSU,9988,8863,9988,48595.0
LA,2023,4,MCOU,19563,8347,19563,5035294.0
LA,2024,1,FFSU,10434,6384,10434,308554.0
LA,2024,1,MCOU,19341,8111,19341,4657831.0
LA,2024,2,FFSU,8401,5991,8401,134617.0
LA,2024,2,MCOU,19190,8371,19190,3995278.0
LA,2024,3,FFSU,8462,5966,8462,146128.0
LA,2024,3,MCOU,19224,7905,19224,4383256.0
LA,2024,4,FFSU,8394,5734,8394,157656.0
LA,2024,4,MCOU,19211,7937,19211,4602203.0
LA,2025,1,FFSU,8344,5860,8344,138571.0
LA,2025,1,MCOU,19818,8405,19818,4425140.0
LA,2025,2,FFSU,8462,5830,8462,156128.0
LA,2025,2,MCOU,20106,8580,20106,4274194.0
LA,2025,3,FFSU,8712,5986,8712,170569.0
LA,2025,3,MCOU,20297,8623,20297,4300324.0
LA,2025,4,FFSU,8240,5796,8240,151304.0
LA,2025,4,MCOU,20982,9082,20982,4282482.0
LA,2026,1,FFSU,8955,6384,8955,153924.0
LA,2026,1,MCOU,21044,9326,21044,3561976.0
MA,2018,1,FFSU,16229,7513,16229,1952845.667
MA,2018,1,MCOU,18835,9604,18835,2275343.815
MA,2018,2,FFSU,16684,7689,16684,2322025.6
MA,2018,2,MCOU,18050,9040,18050,2320529.4299999997
MA,2018,3,FFSU,16296,7914,16296,1884762.1
MA,2018,3,MCOU,17901,9016,17901,2236910.85
MA,2018,4,FFSU,16585,7773,16585,2308427.5
MA,2018,4,MCOU,18147,9232,18147,2296162.5749999997
MA,2019,1,FFSU,16489,8068,16489,1972673.0
MA,2019,1,MCOU,18481,9633,18481,2231778.7199999997
MA,2019,2,FFSU,16982,7871,16982,2536087.0
MA,2019,2,MCOU,18293,9585,18293,2284758.6100000003
MA,2019,3,FFSU,16080,7869,16080,1962602.0
MA,2019,3,MCOU,18017,9337,18017,2200146.74
MA,2019,4,FFSU,16476,7879,16476,2171414.0
MA,2019,4,MCOU,18084,9361,18084,2285669.64
MA,2020,1,FFSU,16864,7851,16864,2538536.0
MA,2020,1,MCOU,17935,9305,17935,2272099.29
MA,2020,2,FFSU,16130,7875,16130,2018460.0
MA,2020,2,MCOU,17217,9001,17217,2032285.21
MA,2020,3,FFSU,16277,7940,16277,2027988.0
MA,2020,3,MCOU,18272,9641,18272,2141748.35
MA,2020,4,FFSU,16436,8084,16436,2037440.0
MA,2020,4,MCOU,18566,9700,18566,2259016.0
MA,2021,1,FFSU,16473,8096,16473,2026200.0
MA,2021,1,MCOU,18035,9444,18035,2150191.59
MA,2021,2,FFSU,17055,8243,17055,2379960.0
MA,2021,2,MCOU,18489,9732,18489,2214729.08
MA,2021,3,FFSU,17181,8625,17181,2106273.0
MA,2021,3,MCOU,18782,9762,18782,2237850.7
MA,2021,4,FFSU,16913,8592,16913,2146674.0
MA,2021,4,MCOU,19000,9980,19000,2294212.0700000003
MA,2022,1,FFSU,16249,8288,16249,1896268.0
MA,2022,1,MCOU,19039,9874,19039,2277486.6799999997
MA,2022,2,FFSU,16646,8105,16646,2133375.0
MA,2022,2,MCOU,19415,10014,19415,2349669.66
MA,2022,3,FFSU,16516,8149,16516,2018109.0
MA,2022,3,MCOU,19174,9970,19174,2333231.21
MA,2022,4,FFSU,16616,8043,16616,2215781.0
MA,2022,4,MCOU,19372,9916,19372,2435127.83
MA,2023,1,FFSU,16994,8838,16994,1942440.0
MA,2023,1,MCOU,19824,10118,19824,2445837.075
MA,2023,2,FFSU,15950,8483,15950,1484313.0
MA,2023,2,MCOU,20949,10851,20949,2798723.585
MA,2023,3,FFSU,15674,8504,15674,1279658.0
MA,2023,3,MCOU,20572,10783,20572,2555238.26
MA,2023,4,FFSU,15712,8594,15712,1301819.0
MA,2023,4,MCOU,20532,10484,20532,2650078.3899999997
MA,2024,1,FFSU,15482,8459,15482,1216286.0
MA,2024,1,MCOU,21165,10869,21165,2621632.06
MA,2024,2,FFSU,15633,8799,15633,1069994.0
MA,2024,2,MCOU,20729,10704,20729,2552561.39
MA,2024,3,FFSU,15890,8482,15890,1258819.0
MA,2024,3,MCOU,20612,10380,20612,2564812.7199999997
MA,2024,4,FFSU,15601,8538,15601,1174068.0
MA,2024,4,MCOU,20703,10476,20703,2585532.09
MA,2025,1,FFSU,15661,8562,15661,1151080.0
MA,2025,1,MCOU,20586,10810,20586,2477613.34
MA,2025,2,FFSU,15899,8380,15899,1294782.5
MA,2025,2,MCOU,20794,10963,20794,2465871.56
MA,2025,3,FFSU,15220,8478,15220,998980.025
MA,2025,3,MCOU,20374,10617,20374,2409937.3449999997
MA,2025,4,FFSU,15709,8440,15709,1137819.6
MA,2025,4,MCOU,20571,10417,20571,2534454.2249999996
MA,2026,1,FFSU,15818,8423,15818,1184061.0
MA,2026,1,MCOU,19507,9910,19507,2354455.0
MD,2018,1,FFSU,12581,7025,12581,2469310.328
MD,2018,1,MCOU,15791,7263,15791,2591493.0
MD,2018,2,FFSU,12643,7016,12643,3153240.4400000004
MD,2018,2,MCOU,15800,7312,15800,2576920.0
MD,2018,3,FFSU,12553,7054,12553,1692299.6900000002
MD,2018,3,MCOU,15762,7364,15762,2401746.0
MD,2018,4,FFSU,12382,6960,12382,2393678.17
MD,2018,4,MCOU,15953,7530,15953,2520510.0
MD,2019,1,FFSU,12570,7051,12570,2103813.66
MD,2019,1,MCOU,16097,7578,16097,2581132.0
MD,2019,2,FFSU,12416,6960,12416,2202590.665
MD,2019,2,MCOU,16143,7580,16143,2607134.0
MD,2019,3,FFSU,12351,7021,12351,2144699.885
MD,2019,3,MCOU,16190,7872,16190,2302577.0
MD,2019,4,FFSU,12304,6912,12304,1145991.455
MD,2019,4,MCOU,16237,7737,16237,2518998.0
MD,2020,1,FFSU,12456,7040,12456,1502538.115
MD,2020,1,MCOU,15306,7208,15306,2398551.0
MD,2020,2,FFSU,12213,6878,12213,1123832.455
MD,2020,2,MCOU,14879,7020,14879,2155517.0
MD,2020,3,FFSU,12192,6786,12192,1835242.535
MD,2020,3,MCOU,14954,6919,14954,2263346.0
MD,2020,4,FFSU,12068,6712,12068,1171363.395
MD,2020,4,MCOU,15107,6956,15107,2279589.0
MD,2021,1,FFSU,12289,6887,12289,2076842.625
MD,2021,1,MCOU,15380,7182,15380,2300485.0
MD,2021,2,FFSU,12375,6969,12375,1474451.42
MD,2021,2,MCOU,15513,7143,15513,2444586.0
MD,2021,3,FFSU,12248,6874,12248,1997298.425
MD,2021,3,MCOU,15568,7161,15568,2449208.0
MD,2021,4,FFSU,12098,6744,12098,2562819.085
MD,2021,4,MCOU,15648,7171,15648,2448690.0
MD,2022,1,FFSU,12305,6820,12305,1853655.48
MD,2022,1,MCOU,15705,7177,15705,2419931.04
MD,2022,2,FFSU,12537,6982,12537,1510952.6600000001
MD,2022,2,MCOU,15861,7251,15861,2571870.0
MD,2022,3,FFSU,12728,7128,12728,1265037.085
MD,2022,3,MCOU,15877,7287,15877,2533266.0
MD,2022,4,FFSU,12958,7269,12958,2071077.545
MD,2022,4,MCOU,16203,7514,16203,2664071.0
MD,2023,1,FFSU,13365,7385,13365,2191166.4299999997
MD,2023,1,MCOU,16472,7643,16472,2683509.0
MD,2023,2,FFSU,13496,7460,13496,2199642.992
MD,2023,2,MCOU,16385,7546,16385,2713748.56
MD,2023,3,FFSU,13598,7544,13598,2166860.3030000003
MD,2023,3,MCOU,16194,7501,16194,2503255.0
MD,2023,4,FFSU,13681,7580,13681,1304325.0150000001
MD,2023,4,MCOU,16307,7601,16307,2598880.0
MD,2024,1,FFSU,13772,7674,13772,3477497.7569999998
MD,2024,1,MCOU,16347,7673,16347,2569324.0
MD,2024,2,FFSU,13841,7600,13841,2285015.4280000003
MD,2024,2,MCOU,16248,7612,16248,2546776.0
MD,2024,3,FFSU,14145,7944,14145,1802737.008
MD,2024,3,MCOU,16312,7756,16312,2379728.938
MD,2024,4,FFSU,14197,7906,14197,1937704.939
MD,2024,4,MCOU,16230,7680,16230,2476967.2
MD,2025,1,FFSU,14301,8006,14301,1295803.275
MD,2025,1,MCOU,15993,7584,15993,2384698.0
MD,2025,2,FFSU,14414,8061,14414,1314552.0960000001
MD,2025,2,MCOU,16003,7577,16003,2374696.0
MD,2025,3,FFSU,14292,8051,14292,1679418.5130000003
MD,2025,3,MCOU,16022,7511,16022,2293787.0
MD,2025,4,FFSU,14385,7887,14385,1398532.5990000002
MD,2025,4,MCOU,16000,7579,16000,2335351.0
MD,2026,1,FFSU,14273,8022,14273,1256682.0
MD,2026,1,MCOU,15546,7423,15546,2222668.0
ME,2018,1,FFSU,11282,6404,11282,504944.0
ME,2018,2,FFSU,11519,6645,11519,520735.0
ME,2018,3,FFSU,11193,6524,11193,471516.0
ME,2018,4,FFSU,11219,6601,11219,476992.0
ME,2019,1,FFSU,11565,6875,11565,495566.0
ME,2019,2,FFSU,11845,6955,11845,549799.0
ME,2019,3,FFSU,11984,7056,11984,552936.0
ME,2019,4,FFSU,11848,6913,11848,584087.0
ME,2020,1,FFSU,12353,7176,12353,612228.0
ME,2020,2,FFSU,12284,7189,12284,590225.0
ME,2020,3,FFSU,12617,7281,12617,665789.0
ME,2020,4,FFSU,12487,7341,12487,619756.0
ME,2021,1,FFSU,12841,7453,12841,679243.0
ME,2021,2,FFSU,12897,7457,12897,691826.0
ME,2021,3,FFSU,12811,7380,12811,685213.0
ME,2021,4,FFSU,12853,7453,12853,683968.0
ME,2022,1,FFSU,13076,7549,13076,694350.0
ME,2022,2,FFSU,13277,7575,13277,737913.0
ME,2022,3,FFSU,13391,7701,13391,723791.0
ME,2022,4,FFSU,13529,7718,13529,757422.0
ME,2023,1,FFSU,13723,7865,13723,750741.0
ME,2023,2,FFSU,13811,7892,13811,777173.0
ME,2023,3,FFSU,13626,7841,13626,735578.0
ME,2023,4,FFSU,13599,7774,13599,729147.0
ME,2024,1,FFSU,12896,8116,12896,455754.0
ME,2024,2,FFSU,15301,8116,15301,1060432.0
ME,2024,3,FFSU,14305,8145,14305,725644.0
ME,2024,4,FFSU,13707,7683,13707,767877.0
ME,2025,1,FFSU,13270,7906,13270,550859.0
ME,2025,2,FFSU,13982,7791,13982,804641.0
ME,2025,3,FFSU,13852,7862,13852,721311.0
ME,2025,4,FFSU,13689,7622,13689,754004.0
ME,2026,1,FFSU,13372,7515,13372,659410.0
MI,2018,1,FFSU,14621,6505,14621,2467970.0
MI,2018,1,MCOU,15893,6464,15893,5514181.0
MI,2018,2,FFSU,14901,6778,14901,2421288.0
MI,2018,2,MCOU,15842,6427,15842,5358704.0
MI,2018,3,FFSU,14296,6605,14296,2246308.0
MI,2018,3,MCOU,15869,6549,15869,5267057.0
MI,2018,4,FFSU,14572,6754,14572,2263998.0
MI,2018,4,MCOU,15865,6556,15865,5327742.0
MI,2019,1,FFSU,15044,7023,15044,2309340.0
MI,2019,1,MCOU,15962,6713,15962,5120152.0
MI,2019,2,FFSU,14932,6786,14932,2304798.0
MI,2019,2,MCOU,16418,7091,16418,5183922.0
MI,2019,3,FFSU,14838,6963,14838,2173014.0
MI,2019,3,MCOU,16163,6899,16163,5094515.0
MI,2019,4,FFSU,14647,6871,14647,2152675.0
MI,2019,4,MCOU,16064,6797,16064,5252431.0
MI,2020,1,FFSU,14831,6943,14831,2245530.0
MI,2020,1,MCOU,16314,6931,16314,5324579.0
MI,2020,2,FFSU,14645,6941,14645,2142984.8
MI,2020,2,MCOU,16194,7066,16194,4586226.0
MI,2020,3,FFSU,14569,6851,14569,2166897.6
MI,2020,3,MCOU,16468,7174,16468,4968965.0
MI,2020,4,FFSU,14631,6906,14631,2248269.0
MI,2020,4,MCOU,16384,7197,16384,5006723.0
MI,2021,1,FFSU,15013,7113,15013,2284749.2
MI,2021,1,MCOU,16588,7179,16588,5095086.0
MI,2021,2,FFSU,15107,7024,15107,2312630.0
MI,2021,2,MCOU,16627,7057,16627,5331477.0
MI,2021,3,FFSU,15188,7050,15188,2287690.0
MI,2021,3,MCOU,16956,7362,16956,5423686.0
MI,2021,4,FFSU,15427,7234,15427,2341628.0
MI,2021,4,MCOU,16796,7203,16796,5287938.0
MI,2022,1,FFSU,15891,7414,15891,2390548.0
MI,2022,1,MCOU,16730,7221,16730,5164060.0
MI,2022,2,FFSU,16261,7558,16261,2480380.0
MI,2022,2,MCOU,16849,7273,16849,5368926.0
MI,2022,3,FFSU,15973,7550,15973,2373975.0
MI,2022,3,MCOU,16533,6999,16533,5348274.0
MI,2022,4,FFSU,15642,7240,15642,2415734.0
MI,2022,4,MCOU,16363,6757,16363,5591872.0
MI,2023,1,FFSU,16282,7648,16282,2482480.0
MI,2023,1,MCOU,16487,6894,16487,5494554.0
MI,2023,2,FFSU,16341,7670,16341,2519398.0
MI,2023,2,MCOU,16498,6881,16498,5598237.0
MI,2023,3,FFSU,15976,7411,15976,2411345.0
MI,2023,3,MCOU,16342,6914,16342,5349153.0
MI,2023,4,FFSU,16002,7473,16002,2362615.0
MI,2023,4,MCOU,16461,6976,16461,5383655.0
MI,2024,1,FFSU,16375,7783,16375,2297670.0
MI,2024,1,MCOU,16624,7134,16624,5179319.0
MI,2024,2,FFSU,16416,7852,16416,2240116.0
MI,2024,2,MCOU,16569,7053,16569,4919457.0
MI,2024,3,FFSU,16222,7778,16222,2262349.0
MI,2024,3,MCOU,16490,7030,16490,4641627.0
MI,2024,4,FFSU,16102,7777,16102,2153603.0
MI,2024,4,MCOU,16559,7113,16559,4884898.0
MI,2025,1,FFSU,16274,7792,16274,2254213.0
MI,2025,1,MCOU,16439,7054,16439,4844112.0
MI,2025,2,FFSU,16229,7712,16229,2252723.0
MI,2025,2,MCOU,16218,6827,16218,4781881.0
MI,2025,3,FFSU,16152,7835,16152,2176325.0
MI,2025,3,MCOU,16076,6631,16076,4726425.0
MI,2025,4,FFSU,16051,7756,16051,2185284.0
MI,2025,4,MCOU,15998,6506,15998,4796440.0
MI,2026,1,FFSU,16178,7767,16178,2208757.0
MI,2026,1,MCOU,16907,7543,16907,4582554.0
MN,2018,1,FFSU,13480,7635,13480,530991.0
MN,2018,1,MCOU,19305,8717,19305,2782283.0
MN,2018,2,FFSU,13835,7722,13835,590443.0
MN,2018,2,MCOU,19486,8897,19486,2779546.0
MN,2018,3,FFSU,13317,7790,13317,470140.0
MN,2018,3,MCOU,19379,9058,19379,2612459.0
MN,2018,4,FFSU,13784,7778,13784,561488.0
MN,2018,4,MCOU,19505,9033,19505,2622171.0
MN,2019,1,FFSU,13621,7880,13621,499843.0
MN,2019,1,MCOU,19740,9232,19740,2540827.0
MN,2019,2,FFSU,14013,7966,14013,570949.0
MN,2019,2,MCOU,19764,9345,19764,2620540.0
MN,2019,3,FFSU,13219,7849,13219,451858.0
MN,2019,3,MCOU,19627,9111,19627,2601681.0
MN,2019,4,FFSU,13923,7938,13923,562859.0
MN,2019,4,MCOU,19796,9103,19796,2665921.0
MN,2020,1,FFSU,14327,8062,14327,624591.0
MN,2020,1,MCOU,20142,9271,20142,2791821.0
MN,2020,2,FFSU,13205,7853,13205,454562.0
MN,2020,2,MCOU,19638,9158,19638,2514313.0
MN,2020,3,FFSU,13292,7798,13292,487108.0
MN,2020,3,MCOU,19983,9073,19983,2660559.0
MN,2020,4,FFSU,12774,7779,12774,394997.0
MN,2020,4,MCOU,20146,9203,20146,2626609.0
MN,2021,1,FFSU,13515,7982,13515,475629.0
MN,2021,1,MCOU,20581,9568,20581,2630892.0
MN,2021,2,FFSU,12929,7955,12929,392538.0
MN,2021,2,MCOU,20517,9418,20517,2692903.0
MN,2021,3,FFSU,13158,7792,13158,443137.0
MN,2021,3,MCOU,20826,9515,20826,2740332.0
MN,2021,4,FFSU,12718,7878,12718,369996.0
MN,2021,4,MCOU,20382,9426,20382,2672290.0
MN,2022,1,FFSU,13568,8074,13568,460497.0
MN,2022,1,MCOU,20682,9652,20682,2677657.0
MN,2022,2,FFSU,12897,7996,12897,376871.0
MN,2022,2,MCOU,20704,9598,20704,2686133.0
MN,2022,3,FFSU,13188,7846,13188,434599.0
MN,2022,3,MCOU,20791,9694,20791,2621137.0
MN,2022,4,FFSU,12830,7900,12830,372241.0
MN,2022,4,MCOU,21067,9757,21067,2711382.0
MN,2023,1,FFSU,13783,8264,13783,454750.0
MN,2023,1,MCOU,21154,9727,21154,2792069.0
MN,2023,2,FFSU,13177,8245,13177,378956.0
MN,2023,2,MCOU,21094,9832,21094,2794236.8
MN,2023,3,FFSU,13142,7884,13142,427835.0
MN,2023,3,MCOU,20876,9720,20876,2666010.6
MN,2023,4,FFSU,12907,8042,12907,367770.0
MN,2023,4,MCOU,20996,9793,20996,2706824.4
MN,2024,1,FFSU,13717,8147,13717,468520.0
MN,2024,1,MCOU,21130,10035,21130,2620061.2
MN,2024,2,FFSU,2492,686,2492,267405.0
MN,2024,2,MCOU,20597,9801,20597,2447931.0
MN,2024,3,FFSU,13025,7836,13025,422233.0
MN,2024,3,MCOU,20821,9719,20821,2491272.0
MN,2024,4,FFSU,12358,8030,12358,278756.0
MN,2024,4,MCOU,20882,11296,20882,2160424.0
MN,2025,1,FFSU,13368,8237,13368,394589.0
MN,2025,1,MCOU,21453,10943,21453,2675251.0
MN,2025,2,FFSU,13293,8073,13293,399733.0
MN,2025,2,MCOU,21071,10193,21071,2656909.0
MN,2025,3,FFSU,13503,7938,13503,445540.0
MN,2025,3,MCOU,20499,9728,20499,2458427.0
MN,2025,4,FFSU,13667,8054,13667,443329.0
MN,2025,4,MCOU,20620,9611,20620,2471060.0
MN,2026,1,FFSU,13804,8296,13804,421310.0
MN,2026,1,MCOU,19653,9639,19653,2006609.0
MO,2018,1,FFSU,19260,8061,19260,3149491.0
MO,2018,2,FFSU,19221,8095,19221,3044551.0
MO,2018,3,FFSU,19258,8205,19258,2899640.0
MO,2018,4,FFSU,19182,8119,19182,2950802.0
MO,2019,1,FFSU,19406,8368,19406,2931990.0
MO,2019,2,FFSU,19425,8521,19425,2920362.0
MO,2019,3,FFSU,19554,8490,19554,2981950.0
MO,2019,4,FFSU,19336,8407,19336,2862151.0
MO,2020,1,FFSU,19127,8401,19127,2849932.0
MO,2020,2,FFSU,18628,8318,18628,2522302.0
MO,2020,3,FFSU,19109,8207,19109,2985261.0
MO,2020,4,FFSU,19161,8382,19161,2943037.0
MO,2021,1,FFSU,19343,8589,19343,2881599.0
MO,2021,2,FFSU,19072,8492,19072,2844002.0
MO,2021,3,FFSU,20042,8741,20042,3165681.0
MO,2021,4,FFSU,20392,8786,20392,3183410.0
MO,2022,1,FFSU,20591,8930,20591,3170375.0
MO,2022,2,FFSU,20618,8900,20618,3295982.0
MO,2022,3,FFSU,20814,8834,20814,3586520.0
MO,2022,4,FFSU,20912,8843,20912,3813570.0
MO,2023,1,FFSU,21082,8937,21082,3901226.0
MO,2023,2,FFSU,21175,9072,21175,4019528.0
MO,2023,3,FFSU,20950,8864,20950,4012767.0
MO,2023,4,FFSU,21103,8818,21103,4304500.0
MO,2024,1,FFSU,20611,8980,20611,3615678.0
MO,2024,2,FFSU,20853,8933,20853,3894349.0
MO,2024,3,FFSU,21194,9009,21194,4047551.0
MO,2024,4,FFSU,20712,8788,20712,3914679.0
MO,2025,1,FFSU,20809,8963,20809,3853534.0
MO,2025,2,FFSU,20767,9058,20767,3671929.0
MO,2025,3,FFSU,21139,8869,21139,4226985.0
MO,2025,4,FFSU,20769,8669,20769,4102232.0
MO,2026,1,FFSU,20876,8710,20876,4228353.0
MS,2018,1,FFSU,10213,6270,10213,246528.0
MS,2018,1,MCOU,14353,6921,14353,1292112.0
MS,2018,2,FFSU,10281,6379,10281,230385.0
MS,2018,2,MCOU,14419,7223,14419,1131797.0
MS,2018,3,FFSU,10324,6477,10324,226442.0
MS,2018,3,MCOU,14383,7244,14383,1129829.0
MS,2018,4,FFSU,10714,6683,10714,342983.0
MS,2018,4,MCOU,14676,7518,14676,1212414.475
MS,2019,1,FFSU,10463,6770,10463,211281.0
MS,2019,1,MCOU,15031,7728,15031,1288039.03
MS,2019,2,FFSU,10491,6748,10491,218765.0
MS,2019,2,MCOU,15091,7804,15091,1115605.0
MS,2019,3,FFSU,10609,6735,10609,231843.0
MS,2019,3,MCOU,15359,8052,15359,1147470.0
MS,2019,4,FFSU,10497,6752,10497,217180.5
MS,2019,4,MCOU,15282,7966,15282,1237134.0
MS,2020,1,FFSU,10681,6876,10681,337353.0
MS,2020,1,MCOU,14967,7714,14967,1200948.0
MS,2020,2,FFSU,10382,6809,10382,196607.0
MS,2020,2,MCOU,14575,7547,14575,897545.0
MS,2020,3,FFSU,10569,6803,10569,212836.0
MS,2020,3,MCOU,14595,7466,14595,976602.0
MS,2020,4,FFSU,10578,6731,10578,223937.0
MS,2020,4,MCOU,14600,7453,14600,1002237.0
MS,2021,1,FFSU,10769,6837,10769,231990.0
MS,2021,1,MCOU,14856,7675,14856,942157.0
MS,2021,2,FFSU,10887,6793,10887,255545.0
MS,2021,2,MCOU,15059,7677,15059,1004260.0
MS,2021,3,FFSU,11286,6934,11286,298091.0
MS,2021,3,MCOU,15173,7791,15173,1080994.0
MS,2021,4,FFSU,11802,7087,11802,364269.0
MS,2021,4,MCOU,15209,7873,15209,1081320.0
MS,2022,1,FFSU,12030,7148,12030,576999.0
MS,2022,1,MCOU,15340,8053,15340,992451.0
MS,2022,2,FFSU,12252,7127,12252,426524.0
MS,2022,2,MCOU,16118,8786,16118,958754.0
MS,2022,3,FFSU,13153,7586,13153,961904.0
MS,2022,3,MCOU,17036,9418,17036,1872061.0
MS,2022,4,FFSU,13405,7952,13405,780222.2
MS,2022,4,MCOU,17165,9959,17165,1076939.0
MS,2023,1,FFSU,13687,8158,13687,809312.2
MS,2023,1,MCOU,17720,10352,17720,1028790.0
MS,2023,2,FFSU,13482,8038,13482,665312.6
MS,2023,2,MCOU,18166,10813,18166,1624845.0
MS,2023,3,FFSU,13188,7934,13188,678459.8
MS,2023,3,MCOU,17947,10642,17947,1735734.8
MS,2023,4,FFSU,12679,7864,12679,604572.0
MS,2023,4,MCOU,18249,10917,18249,1663895.4
MS,2024,1,FFSU,12336,7928,12336,513564.6
MS,2024,1,MCOU,17078,9741,17078,1617715.0
MS,2024,2,FFSU,11522,7611,11522,405910.0
MS,2024,2,MCOU,17130,9768,17130,1638331.0
MS,2024,3,FFSU,11121,7603,11121,350716.0
MS,2024,3,MCOU,16325,9156,16325,1434219.0
MS,2024,4,FFSU,10940,7476,10940,267545.0
MS,2024,4,MCOU,16479,9310,16479,1354228.0
MS,2025,1,FFSU,10979,7443,10979,365315.5
MS,2025,1,MCOU,16384,9119,16384,1428869.0
MS,2025,2,FFSU,11069,7478,11069,284283.0
MS,2025,2,MCOU,16299,9130,16299,1350904.0
MS,2025,3,FFSU,11148,7534,11148,338794.0
MS,2025,3,MCOU,16301,9081,16301,1366925.4
MS,2025,4,FFSU,10564,7185,10564,266606.0
MS,2025,4,MCOU,15925,8667,15925,1405857.2
MS,2026,1,FFSU,10614,7207,10614,190147.0
MS,2026,1,MCOU,15527,8479,15527,1014378.0
MT,2018,1,FFSU,12862,6895,12862,690403.8400000001
MT,2018,2,FFSU,13026,6915,13026,774757.0
MT,2018,3,FFSU,12751,6915,12751,682195.0
MT,2018,4,FFSU,13128,6983,13128,772360.52
MT,2019,1,FFSU,13074,7030,13074,863171.0
MT,2019,2,FFSU,13106,7039,13106,761781.0
MT,2019,3,FFSU,12974,6968,12974,782904.0
MT,2019,4,FFSU,12972,7052,12972,961219.0
MT,2020,1,FFSU,13067,6973,13067,1033459.0
MT,2020,2,FFSU,12748,6877,12748,743395.0
MT,2020,3,FFSU,13017,7035,13017,729375.0
MT,2020,4,FFSU,12703,6806,12703,777853.0
MT,2021,1,FFSU,12965,6905,12965,796541.7
MT,2021,2,FFSU,12982,7039,12982,761300.0
MT,2021,3,FFSU,13161,7115,13161,784707.0
MT,2021,4,FFSU,13258,7135,13258,812201.0
MT,2022,1,FFSU,13405,7347,13405,774857.0
MT,2022,2,FFSU,13874,7497,13874,850406.0
MT,2022,3,FFSU,13588,7367,13588,810044.0
MT,2022,4,FFSU,13914,7607,13914,806131.0
MT,2023,1,FFSU,14200,7732,14200,868233.0
MT,2023,2,FFSU,14230,7782,14230,871924.0
MT,2023,3,FFSU,13901,7661,13901,807680.0
MT,2023,4,FFSU,13942,7703,13942,730600.0
MT,2024,1,FFSU,13770,7676,13770,713560.0
MT,2024,2,FFSU,13781,7594,13781,1087802.0
MT,2024,3,FFSU,14168,7882,14168,839130.0
MT,2024,4,FFSU,13977,7807,13977,912328.0
MT,2025,1,FFSU,13822,7686,13822,651638.0
MT,2025,2,FFSU,13735,7592,13735,730363.0
MT,2025,3,FFSU,13711,7596,13711,677991.0
MT,2025,4,FFSU,13596,7431,13596,671169.0
MT,2026,1,FFSU,13232,7132,13232,655930.0
NC,2018,1,FFSU,19267,7631,19267,4467345.0
NC,2018,1,MCOU,726,692,726,23725.0
NC,2018,2,FFSU,19125,7804,19125,3709353.76
NC,2018,2,MCOU,694,648,694,24248.0
NC,2018,3,FFSU,19385,7747,19385,4057347.27
NC,2018,3,MCOU,716,672,716,23041.0
NC,2018,4,FFSU,19157,8055,19157,3645153.08
NC,2018,4,MCOU,566,542,566,3485.0
NC,2019,1,FFSU,19664,8103,19664,4351706.84
NC,2019,1,MCOU,933,904,933,4816.0
NC,2019,2,FFSU,19004,8270,19004,3615138.79
NC,2019,2,MCOU,467,453,467,2034.0
NC,2019,3,FFSU,19741,8348,19741,3988212.88
NC,2019,3,MCOU,584,571,584,1968.0
NC,2019,4,FFSU,19579,8274,19579,4102228.72
NC,2019,4,MCOU,400,396,400,81.0
NC,2020,1,FFSU,18750,8510,18750,3020470.943
NC,2020,1,MCOU,158,156,158,87.0
NC,2020,2,FFSU,19758,10203,19758,1825531.04
NC,2020,2,MCOU,177,177,177,0.0
NC,2020,3,FFSU,21182,7882,21182,6125729.41
NC,2020,3,MCOU,248,246,248,120.0
NC,2020,4,FFSU,19506,8468,19506,3266579.88
NC,2020,4,MCOU,169,169,169,0.0
NC,2021,1,FFSU,20107,8480,20107,3808076.685
NC,2021,1,MCOU,255,255,255,0.0
NC,2021,2,FFSU,20119,8538,20119,4247337.76
NC,2021,2,MCOU,255,255,255,0.0
NC,2021,3,FFSU,18063,8842,18063,1730398.5
NC,2021,3,MCOU,18551,8930,18551,2426184.4
NC,2021,4,FFSU,16635,8522,16635,1228586.52
NC,2021,4,MCOU,18770,9030,18770,2536713.04
NC,2022,1,FFSU,17135,8496,17135,1415109.02
NC,2022,1,MCOU,18836,9129,18836,2526174.0
NC,2022,2,FFSU,17029,8741,17029,1257508.0
NC,2022,2,MCOU,18873,9023,18873,2650713.0
NC,2022,3,FFSU,17472,8883,17472,1353644.0
NC,2022,3,MCOU,19018,9209,19018,2513070.0
NC,2022,4,FFSU,17105,9129,17105,1137712.0
NC,2022,4,MCOU,19290,9331,19290,2873678.0
NC,2023,1,FFSU,20572,10947,20572,1383724.0
NC,2023,1,MCOU,19700,9270,19700,3126372.0
NC,2023,2,FFSU,17216,8973,17216,1198850.0
NC,2023,2,MCOU,19705,9405,19705,3073997.0
NC,2023,3,FFSU,17112,8754,17112,1253962.0
NC,2023,3,MCOU,19711,9503,19711,2835502.0
NC,2023,4,FFSU,17155,9022,17155,1109397.0
NC,2023,4,MCOU,19822,9544,19822,3058274.0
NC,2024,1,FFSU,17552,8879,17552,1319788.0
NC,2024,1,MCOU,20333,9455,20333,3458422.0
NC,2024,2,FFSU,17605,9093,17605,1209244.0
NC,2024,2,MCOU,20296,9265,20296,3549219.0
NC,2024,3,FFSU,15203,8968,15203,531102.0
NC,2024,3,MCOU,21700,9175,21700,4478626.0
NC,2024,4,FFSU,13370,8187,13370,377167.0
NC,2024,4,MCOU,21816,9015,21816,4897189.0
NC,2025,1,FFSU,13291,8431,13291,325960.0
NC,2025,1,MCOU,22077,9086,22077,5132593.0
NC,2025,2,FFSU,13361,8371,13361,342916.0
NC,2025,2,MCOU,22028,9044,22028,5132432.0
NC,2025,3,FFSU,13931,8336,13931,419173.0
NC,2025,3,MCOU,22126,9344,22126,5082576.0
NC,2025,4,FFSU,13323,8483,13323,312303.0
NC,2025,4,MCOU,22198,9122,22198,5235937.0
NC,2026,1,FFSU,13374,8452,13374,338149.0
NC,2026,1,MCOU,21928,8991,21928,5201249.0
ND,2018,1,FFSU,7536,4941,7536,128465.85
ND,2018,1,MCOU,6366,4460,6366,87422.0
ND,2018,2,FFSU,7677,5123,7677,129381.005
ND,2018,2,MCOU,6506,4638,6506,86928.0
ND,2018,3,FFSU,7579,5079,7579,121237.06999999999
ND,2018,3,MCOU,6497,4640,6497,87420.0
ND,2018,4,FFSU,7506,4956,7506,125333.16
ND,2018,4,MCOU,6480,4612,6480,86487.0
ND,2019,1,FFSU,7506,5154,7506,113624.16
ND,2019,1,MCOU,6810,4814,6810,95155.0
ND,2019,2,FFSU,7766,5288,7766,114786.85
ND,2019,2,MCOU,6889,4846,6889,95483.0
ND,2019,3,FFSU,7483,5210,7483,97577.8
ND,2019,3,MCOU,6975,4939,6975,96209.0
ND,2019,4,FFSU,7769,5239,7769,119094.0
ND,2019,4,MCOU,7035,4969,7035,97272.0
ND,2020,1,FFSU,9105,5654,9105,207374.66999999998
ND,2020,1,MCOU,1191,878,1191,16144.0
ND,2020,2,FFSU,9084,5809,9084,188286.34
ND,2020,2,MCOU,1155,874,1155,13365.0
ND,2020,3,FFSU,9249,5821,9249,202053.41999999998
ND,2020,3,MCOU,1323,959,1323,18352.0
ND,2020,4,FFSU,9251,5828,9251,207214.09999999998
ND,2020,4,MCOU,1262,953,1262,15777.0
ND,2021,1,FFSU,9505,5983,9505,218929.49
ND,2021,1,MCOU,1315,965,1315,18098.0
ND,2021,2,FFSU,9470,5980,9470,219536.01
ND,2021,2,MCOU,1344,938,1344,22269.0
ND,2021,3,FFSU,9434,5989,9434,216050.27000000002
ND,2021,3,MCOU,1360,998,1360,19380.0
ND,2021,4,FFSU,9534,5883,9534,231922.72
ND,2021,4,MCOU,1325,988,1325,39927.0
ND,2022,1,FFSU,9642,6113,9642,228335.46
ND,2022,1,MCOU,2004,1613,2004,38703.0
ND,2022,2,FFSU,9477,5917,9477,229712.82
ND,2022,2,MCOU,1983,1535,1983,21851.0
ND,2022,3,FFSU,9624,6032,9624,225893.97
ND,2022,3,MCOU,2247,1779,2247,44864.0
ND,2022,4,FFSU,9770,6114,9770,235842.92
ND,2022,4,MCOU,1695,1306,1695,60521.0
ND,2023,1,FFSU,10172,6444,10172,240775.33
ND,2023,1,MCOU,2205,1745,2205,21311.0
ND,2023,2,FFSU,10162,6415,10162,241460.2
ND,2023,2,MCOU,2334,1845,2334,46100.0
ND,2023,3,FFSU,9952,6380,9952,220079.0
ND,2023,3,MCOU,2176,1683,2176,21093.0
ND,2023,4,FFSU,10106,6496,10106,223897.0
ND,2023,4,MCOU,2059,1639,2059,17673.0
ND,2024,1,FFSU,10002,6489,10002,209269.0
ND,2024,1,MCOU,1993,1611,1993,17000.0
ND,2024,2,FFSU,10073,6568,10073,204486.0
ND,2024,2,MCOU,2047,1677,2047,15942.0
ND,2024,3,FFSU,9994,6503,9994,195465.0
ND,2024,3,MCOU,2100,1706,2100,16772.0
ND,2024,4,FFSU,10212,6475,10212,218318.0
ND,2024,4,MCOU,2034,1668,2034,15994.0
ND,2025,1,FFSU,10214,6625,10214,198266.0
ND,2025,1,MCOU,2172,1734,2172,18933.0
ND,2025,2,FFSU,10319,6594,10319,212451.0
ND,2025,2,MCOU,2237,1807,2237,19106.0
ND,2025,3,FFSU,10368,6607,10368,220735.0
ND,2025,3,MCOU,2277,1841,2277,19702.0
ND,2025,4,FFSU,10052,6371,10052,204378.0
ND,2025,4,MCOU,2225,1777,2225,19088.0
ND,2026,1,FFSU,10058,6277,10058,217593.0
ND,2026,1,MCOU,1430,1161,1430,9973.0
NE,2018,1,FFSU,1196,1139,1196,1122.0
NE,2018,1,MCOU,14815,7780,14815,956342.4
NE,2018,2,FFSU,1007,957,1007,970.0
NE,2018,2,MCOU,15016,8049,15016,1001347.8
NE,2018,3,FFSU,1209,1152,1209,1086.0
NE,2018,3,MCOU,14660,7993,14660,902568.6
NE,2018,4,FFSU,1241,1190,1241,897.0
NE,2018,4,MCOU,14367,7719,14367,943202.0
NE,2019,1,FFSU,913,877,913,661.0
NE,2019,1,MCOU,14457,7903,14457,871668.6
NE,2019,2,FFSU,959,907,959,943.0
NE,2019,2,MCOU,14134,7720,14134,868059.2
NE,2019,3,FFSU,903,853,903,834.0
NE,2019,3,MCOU,14297,7806,14297,868292.0
NE,2019,4,FFSU,457,440,457,283.0
NE,2019,4,MCOU,14287,7737,14287,901749.2
NE,2020,1,FFSU,643,630,643,239.0
NE,2020,1,MCOU,14462,7880,14462,876967.0
NE,2020,2,FFSU,555,530,555,421.0
NE,2020,2,MCOU,13997,7835,13997,739975.8
NE,2020,3,FFSU,411,390,411,441.0
NE,2020,3,MCOU,14276,7907,14276,849613.6
NE,2020,4,FFSU,250,249,250,22.0
NE,2020,4,MCOU,14392,7619,14392,1215077.4000000001
NE,2021,1,FFSU,300,296,300,75.0
NE,2021,1,MCOU,14872,7807,14872,1351247.4
NE,2021,2,FFSU,264,254,264,210.0
NE,2021,2,MCOU,14882,7706,14882,1715459.4
NE,2021,3,FFSU,217,215,217,46.0
NE,2021,3,MCOU,15192,7606,15192,1728963.2
NE,2021,4,FFSU,168,167,168,13.0
NE,2021,4,MCOU,15406,7958,15406,1515175.2
NE,2022,1,FFSU,190,188,190,26.0
NE,2022,1,MCOU,15799,8160,15799,1601418.4
NE,2022,2,FFSU,135,133,135,27.0
NE,2022,2,MCOU,15920,8110,15920,1758201.0
NE,2022,3,FFSU,157,156,157,14.0
NE,2022,3,MCOU,16063,8137,16063,1801875.8
NE,2022,4,FFSU,119,118,119,18.0
NE,2022,4,MCOU,16062,8091,16062,1668590.2
NE,2023,1,FFSU,135,133,135,59.0
NE,2023,1,MCOU,16478,8328,16478,1747426.6
NE,2023,2,FFSU,97,97,97,0.0
NE,2023,2,MCOU,16361,8146,16361,1815392.4
NE,2023,3,FFSU,116,115,116,21.0
NE,2023,3,MCOU,16259,8295,16259,1603034.0
NE,2023,4,FFSU,122,121,122,24.0
NE,2023,4,MCOU,16186,8331,16186,1559632.2
NE,2024,1,FFSU,75,75,75,0.0
NE,2024,1,MCOU,16916,8781,16916,1569409.13
NE,2024,2,FFSU,48,48,48,0.0
NE,2024,2,MCOU,16497,8526,16497,1501926.83
NE,2024,3,FFSU,64,64,64,0.0
NE,2024,3,MCOU,16555,8697,16555,1421605.7
NE,2024,4,FFSU,18,18,18,0.0
NE,2024,4,MCOU,16536,8600,16536,1240384.2
NE,2025,1,FFSU,45,45,45,0.0
NE,2025,1,MCOU,16774,8665,16774,1250714.6
NE,2025,2,FFSU,44,43,44,11.0
NE,2025,2,MCOU,16683,8597,16683,1279790.3
NE,2025,3,FFSU,21,21,21,0.0
NE,2025,3,MCOU,16654,8626,16654,1292440.5
NE,2025,4,FFSU,86,84,86,23.0
NE,2025,4,MCOU,16474,8496,16474,1246121.7
NE,2026,1,FFSU,105,97,105,123.0
NE,2026,1,MCOU,16051,8464,16051,889287.0
NH,2018,1,FFSU,5404,4654,5404,20221.0
NH,2018,1,MCOU,10979,6769,10979,356483.0
NH,2018,2,FFSU,5763,4910,5763,23975.0
NH,2018,2,MCOU,11128,6880,11128,358534.0
NH,2018,3,FFSU,5356,4688,5356,16692.0
NH,2018,3,MCOU,11497,7135,11497,362760.0
NH,2018,4,FFSU,5934,5101,5934,23482.0
NH,2018,4,MCOU,11609,7173,11609,378121.0
NH,2019,1,FFSU,4154,3829,4154,7783.0
NH,2019,1,MCOU,13023,7805,13023,533740.0
NH,2019,2,FFSU,2998,2771,2998,5042.0
NH,2019,2,MCOU,13040,7730,13040,553789.0
NH,2019,3,FFSU,2755,2566,2755,3986.0
NH,2019,3,MCOU,12969,7676,12969,529636.0
NH,2019,4,FFSU,2873,2681,2873,4348.0
NH,2019,4,MCOU,13057,7774,13057,533649.0
NH,2020,1,FFSU,2804,2660,2804,3395.0
NH,2020,1,MCOU,13329,7868,13329,582584.0
NH,2020,2,FFSU,2899,2706,2899,4151.0
NH,2020,2,MCOU,12900,7730,12900,517559.0
NH,2020,3,FFSU,2558,2440,2558,2471.0
NH,2020,3,MCOU,13279,7883,13279,557189.0
NH,2020,4,FFSU,2659,2484,2659,3501.0
NH,2020,4,MCOU,13313,7959,13313,560514.0
NH,2021,1,FFSU,2511,2386,2511,2339.0
NH,2021,1,MCOU,13611,8214,13611,565619.0
NH,2021,2,FFSU,2440,2322,2440,2176.0
NH,2021,2,MCOU,13752,8179,13752,594995.0
NH,2021,3,FFSU,2177,2089,2177,2045.0
NH,2021,3,MCOU,13820,8179,13820,599428.0
NH,2021,4,FFSU,2561,2403,2561,3228.0
NH,2021,4,MCOU,13805,8273,13805,584272.0
NH,2022,1,FFSU,2292,2211,2292,1813.0
NH,2022,1,MCOU,14145,8506,14145,593738.0
NH,2022,2,FFSU,2466,2372,2466,1802.0
NH,2022,2,MCOU,14334,8617,14334,616198.0
NH,2022,3,FFSU,2320,2240,2320,1511.0
NH,2022,3,MCOU,14629,8803,14629,613621.0
NH,2022,4,FFSU,2199,2102,2199,2096.0
NH,2022,4,MCOU,14444,8651,14444,622706.0
NH,2023,1,FFSU,2307,2186,2307,3261.0
NH,2023,1,MCOU,14736,8738,14736,638080.0
NH,2023,2,FFSU,2115,2051,2115,1243.0
NH,2023,2,MCOU,14455,8751,14455,562477.0
NH,2023,3,FFSU,2106,2027,2106,1554.0
NH,2023,3,MCOU,14068,8628,14068,495740.0
NH,2023,4,FFSU,2013,1934,2013,2976.0
NH,2023,4,MCOU,14165,8637,14165,509922.0
NH,2024,1,FFSU,2129,2040,2129,2067.0
NH,2024,1,MCOU,14379,8744,14379,527817.0
NH,2024,2,FFSU,1889,1829,1889,1241.0
NH,2024,2,MCOU,14300,8655,14300,517989.0
NH,2024,3,FFSU,1966,1890,1966,1467.0
NH,2024,3,MCOU,14524,9050,14524,453427.0
NH,2024,4,FFSU,1805,1745,1805,1256.0
NH,2024,4,MCOU,14439,8754,14439,523484.0
NH,2025,1,FFSU,1988,1939,1988,830.0
NH,2025,1,MCOU,14437,8746,14437,524614.0
NH,2025,2,FFSU,1897,1828,1897,1543.0
NH,2025,2,MCOU,14618,8753,14618,521150.0
NH,2025,3,FFSU,1734,1701,1734,663.0
NH,2025,3,MCOU,14593,8888,14593,494420.0
NH,2025,4,FFSU,1760,1709,1760,1005.0
NH,2025,4,MCOU,14325,8678,14325,485990.0
NH,2026,1,FFSU,1865,1801,1865,1233.0
NH,2026,1,MCOU,13242,8267,13242,392513.0
NJ,2018,1,FFSU,8672,6470,8672,94074.0
NJ,2018,1,MCOU,22011,8480,22011,6389210.0
NJ,2018,2,FFSU,8623,6489,8623,92173.0
NJ,2018,2,MCOU,22114,8352,22114,6585615.11
NJ,2018,3,FFSU,8278,6331,8278,79502.0
NJ,2018,3,MCOU,22067,8458,22067,6009653.0
NJ,2018,4,FFSU,9229,7036,9229,94574.0
NJ,2018,4,MCOU,22042,8476,22042,6171661.58
NJ,2019,1,FFSU,9488,7181,9488,99001.0
NJ,2019,1,MCOU,22246,8664,22246,6126897.6
NJ,2019,2,FFSU,9399,7085,9399,100112.0
NJ,2019,2,MCOU,22560,8754,22560,6068823.6
NJ,2019,3,FFSU,8845,6801,8845,81240.0
NJ,2019,3,MCOU,22800,8996,22800,6047687.859999999
NJ,2019,4,FFSU,8780,6763,8780,82843.0
NJ,2019,4,MCOU,23030,9105,23030,6011418.6
NJ,2020,1,FFSU,9397,7096,9397,98917.0
NJ,2020,1,MCOU,22947,9053,22947,6210343.84
NJ,2020,2,FFSU,8545,6601,8545,76594.0
NJ,2020,2,MCOU,22316,9108,22316,4915232.4399999995
NJ,2020,3,FFSU,7812,6193,7812,64644.0
NJ,2020,3,MCOU,22641,8953,22641,5950154.71
NJ,2020,4,FFSU,7164,5741,7164,51972.0
NJ,2020,4,MCOU,22879,9079,22879,6742478.96
NJ,2021,1,FFSU,7398,5926,7398,53995.0
NJ,2021,1,MCOU,22918,9192,22918,6837309.4
NJ,2021,2,FFSU,6841,5491,6841,54466.0
NJ,2021,2,MCOU,22864,8931,22864,6828141.18
NJ,2021,3,FFSU,6934,5676,6934,50157.0
NJ,2021,3,MCOU,22937,8869,22937,6682385.04
NJ,2021,4,FFSU,6763,5556,6763,44430.0
NJ,2021,4,MCOU,22967,8761,22967,7346413.48
NJ,2022,1,FFSU,6866,5707,6866,42925.8
NJ,2022,1,MCOU,23282,8926,23282,8099982.32
NJ,2022,2,FFSU,7127,5796,7127,52626.0
NJ,2022,2,MCOU,23553,9064,23553,8478071.64
NJ,2022,3,FFSU,6104,5248,6104,29319.0
NJ,2022,3,MCOU,23480,9012,23480,8660820.34
NJ,2022,4,FFSU,5769,4950,5769,27557.0
NJ,2022,4,MCOU,23555,9110,23555,8352423.68
NJ,2023,1,FFSU,6059,5227,6059,27106.0
NJ,2023,1,MCOU,23838,9205,23838,8463006.620000001
NJ,2023,2,FFSU,6334,5422,6334,36905.0
NJ,2023,2,MCOU,23810,9251,23810,8219886.5
NJ,2023,3,FFSU,6222,5335,6222,35032.729999999996
NJ,2023,3,MCOU,23743,9290,23743,8028208.28
NJ,2023,4,FFSU,7529,6318,7529,47676.0
NJ,2023,4,MCOU,23674,9305,23674,7604997.88
NJ,2024,1,FFSU,8367,6924,8367,57898.95
NJ,2024,1,MCOU,23806,9442,23806,7635090.98
NJ,2024,2,FFSU,8731,7161,8731,63125.0
NJ,2024,2,MCOU,23768,9635,23768,7281200.12
NJ,2024,3,FFSU,8915,7126,8915,73381.0
NJ,2024,3,MCOU,23476,9446,23476,6596949.8
NJ,2024,4,FFSU,8460,6863,8460,65104.0
NJ,2024,4,MCOU,23556,9459,23556,6380798.27
NJ,2025,1,FFSU,8704,7008,8704,68731.8
NJ,2025,1,MCOU,23735,9517,23735,6410187.03
NJ,2025,2,FFSU,8151,6726,8151,55803.0
NJ,2025,2,MCOU,23838,9628,23838,6384521.640000001
NJ,2025,3,FFSU,7387,6196,7387,44526.0
NJ,2025,3,MCOU,23634,9563,23634,6166697.4
NJ,2025,4,FFSU,8205,6699,8205,58991.0
NJ,2025,4,MCOU,23385,9413,23385,6025810.24
NJ,2026,1,FFSU,7797,6483,7797,48639.0
NJ,2026,1,MCOU,21618,10051,21618,2803451.0
NM,2018,1,FFSU,6124,4489,6124,89276.0
NM,2018,1,MCOU,14657,7057,14657,1839757.6600000001
NM,2018,2,FFSU,5908,4403,5908,75297.0
NM,2018,2,MCOU,14433,7138,14433,1386855.81
NM,2018,3,FFSU,5878,4414,5878,70574.0
NM,2018,3,MCOU,14913,7500,14913,1438715.1400000001
NM,2018,4,FFSU,5770,4418,5770,61414.0
NM,2018,4,MCOU,14784,7605,14784,1327278.96
NM,2019,1,FFSU,6028,4498,6028,77404.0
NM,2019,1,MCOU,15188,7781,15188,1386672.94
NM,2019,2,FFSU,5997,4468,5997,74268.4
NM,2019,2,MCOU,5838,1935,5838,1085669.81
NM,2019,3,FFSU,6157,4633,6157,72297.02
NM,2019,3,MCOU,15006,7703,15006,1376217.4
NM,2019,4,FFSU,6314,4728,6314,78874.2
NM,2019,4,MCOU,14811,7769,14811,1269059.46
NM,2020,1,FFSU,6022,4587,6022,72031.64
NM,2020,1,MCOU,3910,1192,3910,1204773.9100000001
NM,2020,2,FFSU,5807,4470,5807,57453.0
NM,2020,2,MCOU,14766,7641,14766,1239243.295
NM,2020,3,FFSU,5939,4551,5939,61909.0
NM,2020,3,MCOU,14958,7734,14958,1301871.9249999998
NM,2020,4,FFSU,6050,4669,6050,61171.01
NM,2020,4,MCOU,15075,7818,15075,1410436.7850000001
NM,2021,1,FFSU,6124,4739,6124,61064.31
NM,2021,1,MCOU,15128,7752,15128,1420067.255
NM,2021,2,FFSU,6231,4796,6231,67025.0
NM,2021,2,MCOU,14832,8121,14832,980112.825
NM,2021,3,FFSU,6261,4813,6261,66111.0
NM,2021,3,MCOU,15346,7893,15346,1376386.21
NM,2021,4,FFSU,6360,4867,6360,70917.23999999999
NM,2021,4,MCOU,15246,8023,15246,1433491.79
NM,2022,1,FFSU,6182,4859,6182,60853.8
NM,2022,1,MCOU,15653,8075,15653,1642359.74
NM,2022,2,FFSU,6488,5019,6488,71687.0
NM,2022,2,MCOU,15782,8076,15782,1810796.39
NM,2022,3,FFSU,6554,4985,6554,74769.41
NM,2022,3,MCOU,16332,8724,16332,1481321.02
NM,2022,4,FFSU,6369,4979,6369,67523.34
NM,2022,4,MCOU,17026,8837,17026,1582337.646
NM,2023,1,FFSU,6710,5214,6710,71814.94
NM,2023,1,MCOU,17031,8878,17031,1669790.79
NM,2023,2,FFSU,6505,5051,6505,69472.12
NM,2023,2,MCOU,16425,8582,16425,1445167.535
NM,2023,3,FFSU,6334,4962,6334,166283.99
NM,2023,3,MCOU,16174,8562,16174,1485044.28
NM,2023,4,FFSU,6341,4982,6341,62036.375
NM,2023,4,MCOU,16150,8711,16150,1241703.18
NM,2024,1,FFSU,6260,5065,6260,47250.285
NM,2024,1,MCOU,16699,9072,16699,1293016.554
NM,2024,2,FFSU,6469,5030,6469,68541.27
NM,2024,2,MCOU,16169,8669,16169,1267570.841
NM,2024,3,FFSU,6230,4901,6230,62116.77
NM,2024,3,MCOU,17026,9039,17026,1545146.8800000001
NM,2024,4,FFSU,6069,4798,6069,55863.345
NM,2024,4,MCOU,16750,8760,16750,1384050.6749999998
NM,2025,1,FFSU,6230,4892,6230,60572.865
NM,2025,1,MCOU,16892,8785,16892,1522603.915
NM,2025,2,FFSU,6181,4886,6181,167244.46600000001
NM,2025,2,MCOU,16798,8794,16798,1472964.445
NM,2025,3,FFSU,6084,4911,6084,53776.285
NM,2025,3,MCOU,16709,8783,16709,1389629.12
NM,2025,4,FFSU,5900,4813,5900,46871.46
NM,2025,4,MCOU,16500,8833,16500,1299100.305
NM,2026,1,FFSU,5922,4762,5922,50065.0
NM,2026,1,MCOU,15911,8528,15911,1165424.0
NV,2018,1,FFSU,14323,8323,14323,641521.0
NV,2018,1,MCOU,14008,8016,14008,1534653.0
NV,2018,2,FFSU,14134,8235,14134,648697.0
NV,2018,2,MCOU,14022,8042,14022,1758808.0
NV,2018,3,FFSU,13986,8264,13986,603420.0
NV,2018,3,MCOU,14084,8121,14084,1743722.0
NV,2018,4,FFSU,14272,8550,14272,589740.0
NV,2018,4,MCOU,14297,8420,14297,1777308.0
NV,2019,1,FFSU,14104,8508,14104,598928.0
NV,2019,1,MCOU,14390,8406,14390,1859789.0
NV,2019,2,FFSU,13712,8404,13712,555521.0
NV,2019,2,MCOU,14161,8457,14161,1746266.0
NV,2019,3,FFSU,13559,8350,13559,534449.0
NV,2019,3,MCOU,14128,8326,14128,1673823.0
NV,2019,4,FFSU,13784,8477,13784,500702.0
NV,2019,4,MCOU,14200,8398,14200,1297751.0
NV,2020,1,FFSU,13941,8540,13941,569568.2
NV,2020,1,MCOU,14270,8461,14270,1440366.0
NV,2020,2,FFSU,14019,8471,14019,522167.0
NV,2020,2,MCOU,14216,8470,14216,1244497.0
NV,2020,3,FFSU,14240,8566,14240,615799.2
NV,2020,3,MCOU,14347,8482,14347,1357161.0
NV,2020,4,FFSU,14298,8670,14298,601888.6
NV,2020,4,MCOU,14539,8458,14539,1958386.6
NV,2021,1,FFSU,14157,8658,14157,585223.2
NV,2021,1,MCOU,14683,8445,14683,2016115.0
NV,2021,2,FFSU,14242,8621,14242,515811.0
NV,2021,2,MCOU,14798,8520,14798,1576695.0
NV,2021,3,FFSU,14268,8595,14268,583169.4
NV,2021,3,MCOU,15080,8629,15080,1548570.0
NV,2021,4,FFSU,14222,8406,14222,566086.8
NV,2021,4,MCOU,15070,8921,15070,1486851.0
NV,2022,1,FFSU,14414,8869,14414,588566.0
NV,2022,1,MCOU,15644,9500,15644,1595682.0
NV,2022,2,FFSU,15274,8979,15274,577770.0
NV,2022,2,MCOU,14622,8320,14622,1321731.0
NV,2022,3,FFSU,14381,9470,14381,400287.0
NV,2022,3,MCOU,14578,8901,14578,968943.0
NV,2022,4,FFSU,14275,8484,14275,535161.0
NV,2022,4,MCOU,14651,7742,14651,1406222.0
NV,2023,1,FFSU,14866,9580,14866,469946.0
NV,2023,1,MCOU,15083,11779,15083,404076.0
NV,2023,2,FFSU,14154,8401,14154,525595.0
NV,2023,2,MCOU,14844,11435,14844,396020.0
NV,2023,3,FFSU,13976,8519,13976,475359.0
NV,2023,3,MCOU,15013,8679,15013,783610.0
NV,2023,4,FFSU,14115,8623,14115,475522.0
NV,2023,4,MCOU,15076,9234,15076,840743.0
NV,2024,1,FFSU,14326,8626,14326,511610.0
NV,2024,1,MCOU,14813,9265,14813,844837.0
NV,2024,2,FFSU,14420,8672,14420,516417.0
NV,2024,2,MCOU,14806,8667,14806,870906.0
NV,2024,3,FFSU,13848,8240,13848,487705.0
NV,2024,3,MCOU,14682,8535,14682,831928.0
NV,2024,4,FFSU,14101,8160,14101,545376.0
NV,2024,4,MCOU,14475,7947,14475,954048.0
NV,2025,1,FFSU,14766,8478,14766,596325.0
NV,2025,1,MCOU,14794,8082,14794,1048641.0
NV,2025,2,FFSU,14420,8353,14420,564418.0
NV,2025,2,MCOU,14898,7940,14898,1241564.0
NV,2025,3,FFSU,14529,8472,14529,546436.0
NV,2025,3,MCOU,14939,7786,14939,1245415.0
NV,2025,4,FFSU,14506,8534,14506,508319.0
NV,2025,4,MCOU,15244,8133,15244,1218797.0
NV,2026,1,FFSU,14297,8761,14297,419891.0
NV,2026,1,MCOU,16092,8535,16092,1361428.0
NY,2018,1,FFSU,17804,7416,17804,2664078.2
NY,2018,1,MCOU,27074,8188,27074,17215980.0
NY,2018,2,FFSU,18395,7861,18395,2683184.0
NY,2018,2,MCOU,28662,9019,28662,17039259.0
NY,2018,3,FFSU,18250,7802,18250,2617267.0
NY,2018,3,MCOU,28279,8915,28279,15987517.0
NY,2018,4,FFSU,18573,7887,18573,2859685.3
NY,2018,4,MCOU,28543,9039,28543,16495286.0
NY,2019,1,FFSU,22286,11799,22286,2592658.9620000003
NY,2019,1,MCOU,28901,9185,28901,16285360.0
NY,2019,2,FFSU,18614,8141,18614,2686457.52
NY,2019,2,MCOU,29054,9259,29054,16326499.0
NY,2019,3,FFSU,18990,8308,18990,2832518.9299999997
NY,2019,3,MCOU,29215,9333,29215,15679535.0
NY,2019,4,FFSU,18855,8358,18855,2654727.3600000003
NY,2019,4,MCOU,29168,9295,29168,15920339.0
NY,2020,1,FFSU,18960,8302,18960,2750635.0
NY,2020,1,MCOU,29342,9442,29342,15968098.0
NY,2020,2,FFSU,18314,8162,18314,2454186.83
NY,2020,2,MCOU,28739,9556,28739,13884599.0
NY,2020,3,FFSU,17928,7971,17928,2413353.0
NY,2020,3,MCOU,28609,9245,28609,15372025.4
NY,2020,4,FFSU,17695,7853,17695,2456783.0
NY,2020,4,MCOU,28394,9023,28394,15860297.4
NY,2021,1,FFSU,17928,8081,17928,2418926.0
NY,2021,1,MCOU,29182,9605,29182,15859239.0
NY,2021,2,FFSU,17879,7970,17879,2452109.0
NY,2021,2,MCOU,29164,9458,29164,16953895.0
NY,2021,3,FFSU,18016,8106,18016,2404760.0
NY,2021,3,MCOU,29124,9506,29124,16941263.0
NY,2021,4,FFSU,18575,8520,18575,2461837.0
NY,2021,4,MCOU,29102,9438,29102,17221474.0
NY,2022,1,FFSU,18878,8618,18878,2445789.0
NY,2022,1,MCOU,29410,9757,29410,16965621.0
NY,2022,2,FFSU,19370,8939,19370,2513282.0
NY,2022,2,MCOU,29759,9874,29759,17747654.0
NY,2022,3,FFSU,19345,9013,19345,2458927.0
NY,2022,3,MCOU,29811,9947,29811,17291535.0
NY,2022,4,FFSU,19376,9061,19376,2510693.0
NY,2022,4,MCOU,29890,10002,29890,17762174.0
NY,2023,1,FFSU,19579,9081,19579,2493123.0
NY,2023,1,MCOU,29945,10129,29945,17418764.0
NY,2023,2,FFSU,26741,7620,26741,18056117.0
NY,2023,2,MCOU,11768,7847,11768,687103.0
NY,2023,3,FFSU,26595,7530,26595,18333119.0
NY,2023,3,MCOU,12018,7997,12018,664301.0
NY,2023,4,FFSU,26688,7570,26688,18517934.0
NY,2023,4,MCOU,12188,8144,12188,660822.0
NY,2024,1,FFSU,27150,7979,27150,17858256.0
NY,2024,1,MCOU,11414,7621,11414,650696.0
NY,2024,2,FFSU,27358,8066,27358,17706628.0
NY,2024,2,MCOU,11276,7601,11276,599504.0
NY,2024,3,FFSU,27443,8012,27443,18188561.0
NY,2024,3,MCOU,11400,7720,11400,575483.0
NY,2024,4,FFSU,27006,7970,27006,17258766.0
NY,2024,4,MCOU,11662,7890,11662,550685.0
NY,2025,1,FFSU,27169,8094,27169,17716759.0
NY,2025,1,MCOU,11850,7962,11850,548011.0
NY,2025,2,FFSU,27138,8057,27138,17462157.0
NY,2025,2,MCOU,11981,7993,11981,588954.0
NY,2025,3,FFSU,27102,8012,27102,16731701.0
NY,2025,3,MCOU,11482,7935,11482,557219.0
NY,2025,4,FFSU,26838,7707,26838,17287838.0
NY,2025,4,MCOU,8441,5789,8441,443186.0
NY,2026,1,FFSU,26910,7778,26910,16904218.0
NY,2026,1,MCOU,6988,5004,6988,262013.0
OH,2018,1,FFSU,15540,7812,15540,1169702.41
OH,2018,1,MCOU,22493,7601,22493,13811132.708999999
OH,2018,2,FFSU,15073,7844,15073,1094888.12
OH,2018,2,MCOU,22517,7354,22517,14968258.828999998
OH,2018,3,FFSU,15319,7870,15319,1090367.8900000001
OH,2018,3,MCOU,22693,7630,22693,13505692.48
OH,2018,4,FFSU,15509,7977,15509,1089763.1099999999
OH,2018,4,MCOU,22941,7815,22941,13535538.77
OH,2019,1,FFSU,15821,8216,15821,1155046.69
OH,2019,1,MCOU,23306,7997,23306,13956582.46
OH,2019,2,FFSU,15741,8193,15741,1077808.6
OH,2019,2,MCOU,23283,8040,23283,13735110.66
OH,2019,3,FFSU,15730,8162,15730,1090342.6
OH,2019,3,MCOU,23383,8187,23383,13877515.57
OH,2019,4,FFSU,15867,8194,15867,1112901.6
OH,2019,4,MCOU,23333,8190,23333,13381537.6
OH,2020,1,FFSU,15933,8238,15933,1098781.2
OH,2020,1,MCOU,23872,8381,23872,13460104.900000002
OH,2020,2,FFSU,15764,8311,15764,936168.8
OH,2020,2,MCOU,23389,8291,23389,11651561.0
OH,2020,3,FFSU,15366,8177,15366,859480.8
OH,2020,3,MCOU,23119,8086,23119,13672486.8
OH,2020,4,FFSU,15402,8001,15402,1077966.1
OH,2020,4,MCOU,23060,8072,23060,14606944.4
OH,2021,1,FFSU,15127,8158,15127,897645.2
OH,2021,1,MCOU,23284,8290,23284,13664004.4
OH,2021,2,FFSU,15731,7994,15731,1097081.8
OH,2021,2,MCOU,23480,8372,23480,13130630.2
OH,2021,3,FFSU,15339,8126,15339,941173.6
OH,2021,3,MCOU,23430,8064,23430,13635056.3
OH,2021,4,FFSU,15320,8119,15320,952574.4
OH,2021,4,MCOU,23478,8086,23478,15348088.6
OH,2022,1,FFSU,15517,8333,15517,999218.8
OH,2022,1,MCOU,23751,8361,23751,17594962.7
OH,2022,2,FFSU,16174,8453,16174,1196050.6
OH,2022,2,MCOU,23894,8435,23894,17667880.9
OH,2022,3,FFSU,16564,8397,16564,1596587.1
OH,2022,3,MCOU,23754,8591,23754,16441988.4
OH,2022,4,FFSU,17028,8626,17028,1752348.0
OH,2022,4,MCOU,25053,9388,25053,15436649.6
OH,2023,1,FFSU,16424,8645,16424,1522430.9
OH,2023,1,MCOU,25042,8985,25042,17068904.2
OH,2023,2,FFSU,15258,8402,15258,1001592.8
OH,2023,2,MCOU,25112,9148,25112,16942062.4
OH,2023,3,FFSU,15571,8692,15571,1101893.2
OH,2023,3,MCOU,24632,9430,24632,10333833.2
OH,2023,4,FFSU,15936,8643,15936,1178503.0
OH,2023,4,MCOU,24964,9702,24964,10289859.799999999
OH,2024,1,FFSU,16258,8689,16258,1321182.8
OH,2024,1,MCOU,24624,9176,24624,14795491.6
OH,2024,2,FFSU,16087,8625,16087,1204259.6
OH,2024,2,MCOU,24446,9224,24446,13850939.6
OH,2024,3,FFSU,15588,8340,15588,1105716.6
OH,2024,3,MCOU,24249,9167,24249,12120830.8
OH,2024,4,FFSU,15654,8284,15654,1066060.6
OH,2024,4,MCOU,24043,9033,24043,11389791.8
OH,2025,1,FFSU,15724,8236,15724,1203952.5
OH,2025,1,MCOU,24127,8896,24127,11781264.100000001
OH,2025,2,FFSU,15749,8178,15749,1221629.6
OH,2025,2,MCOU,24104,8893,24104,12013631.600000001
OH,2025,3,FFSU,15787,8309,15787,1159940.6
OH,2025,3,MCOU,24090,8994,24090,11625488.799999999
OH,2025,4,FFSU,15530,8071,15530,1173840.5
OH,2025,4,MCOU,23735,8582,23735,11829974.0
OH,2026,1,FFSU,15914,8154,15914,942555.0
OH,2026,1,MCOU,23165,8816,23165,7175391.0
OK,2018,1,FFSU,13498,6380,13498,1781498.0
OK,2018,2,FFSU,13739,6625,13739,1484495.0
OK,2018,3,FFSU,13895,6705,13895,1682898.0
OK,2018,4,FFSU,13713,6570,13713,1786782.0
OK,2019,1,FFSU,13756,6609,13756,1756858.8599999999
OK,2019,2,FFSU,13580,6540,13580,1651768.34
OK,2019,3,FFSU,13475,6505,13475,1328643.8
OK,2019,4,FFSU,13680,6585,13680,1541579.7
OK,2020,1,FFSU,13513,6488,13513,1534014.0
OK,2020,2,FFSU,13300,6324,13300,1326675.8
OK,2020,3,FFSU,13460,6191,13460,1613109.6
OK,2020,4,FFSU,13516,6353,13516,1793446.0
OK,2021,1,FFSU,13592,6369,13592,1827764.0
OK,2021,2,FFSU,13812,6432,13812,2017169.8
OK,2021,3,FFSU,14230,6600,14230,2452966.0
OK,2021,4,FFSU,14609,6664,14609,2797497.2
OK,2022,1,FFSU,14755,6712,14755,2879474.2
OK,2022,2,FFSU,14832,6576,14832,3083536.2
OK,2022,3,FFSU,15014,6783,15014,3269627.2
OK,2022,4,FFSU,15229,6764,15229,3657752.2
OK,2023,1,FFSU,15594,6962,15594,3429485.0
OK,2023,2,FFSU,15838,7149,15838,3421413.3
OK,2023,3,FFSU,15809,7293,15809,3143422.9990000003
OK,2023,4,FFSU,15694,7294,15694,3116186.9329999997
OK,2024,1,FFSU,15664,7320,15664,2884648.535
OK,2024,2,FFSU,14202,7475,14202,1429578.869
OK,2024,2,MCOU,15239,8209,15239,1715141.0
OK,2024,3,FFSU,13597,7252,13597,1091799.401
OK,2024,3,MCOU,15020,8070,15020,1683223.0
OK,2024,4,FFSU,13586,7170,13586,1064004.0
OK,2024,4,MCOU,14221,7362,14221,1651087.0
OK,2025,1,FFSU,13704,7310,13704,1010003.4
OK,2025,1,MCOU,14251,7370,14251,1576047.0
OK,2025,2,FFSU,13733,7273,13733,1003341.1000000001
OK,2025,2,MCOU,14275,7365,14275,1559920.0
OK,2025,3,FFSU,13716,7323,13716,949773.0
OK,2025,3,MCOU,14408,7451,14408,1546701.0
OK,2025,4,FFSU,13949,7260,13949,1022888.0
OK,2025,4,MCOU,14431,7518,14431,1469524.8
OK,2026,1,FFSU,13772,7338,13772,703296.0
OK,2026,1,MCOU,14250,7543,14250,1019830.0
OR,2018,1,FFSU,9169,5418,9169,588041.0
OR,2018,1,MCOU,13167,6114,13167,3407356.44
OR,2018,2,FFSU,9039,5467,9039,575656.0
OR,2018,2,MCOU,13210,6190,13210,3944038.875
OR,2018,3,FFSU,8802,5261,8802,559160.0
OR,2018,3,MCOU,13262,6312,13262,3522136.785
OR,2018,4,FFSU,8725,5257,8725,556590.0
OR,2018,4,MCOU,13433,6374,13433,3774423.085
OR,2019,1,FFSU,9152,5551,9152,644667.0
OR,2019,1,MCOU,13820,6608,13820,3688012.5949999997
OR,2019,2,FFSU,8989,5500,8989,563490.0
OR,2019,2,MCOU,13855,6632,13855,3694344.195
OR,2019,3,FFSU,8437,5192,8437,534860.0
OR,2019,3,MCOU,14008,6748,14008,3622519.3
OR,2019,4,FFSU,8362,5183,8362,572668.0
OR,2019,4,MCOU,14101,6681,14101,3654795.2
OR,2020,1,FFSU,8806,5394,8806,636923.0
OR,2020,1,MCOU,14689,7077,14689,3708734.4
OR,2020,2,FFSU,8824,5575,8824,553844.0
OR,2020,2,MCOU,14323,6945,14323,3019166.782
OR,2020,3,FFSU,8164,5058,8164,559432.0
OR,2020,3,MCOU,14418,6942,14418,3885922.8
OR,2020,4,FFSU,8301,5216,8301,574109.0
OR,2020,4,MCOU,14532,7022,14532,3673357.0
OR,2021,1,FFSU,8540,5332,8540,602185.0
OR,2021,1,MCOU,14688,7193,14688,3305856.2
OR,2021,2,FFSU,8445,5326,8445,604374.0
OR,2021,2,MCOU,14399,6894,14399,3572294.8
OR,2021,3,FFSU,8158,5190,8158,583888.0
OR,2021,3,MCOU,14579,6908,14579,3837497.4
OR,2021,4,FFSU,8126,5117,8126,663589.0
OR,2021,4,MCOU,14597,6995,14597,3843898.4
OR,2022,1,FFSU,8265,5331,8265,555915.0
OR,2022,1,MCOU,15181,7506,15181,4411647.6
OR,2022,2,FFSU,8306,5253,8306,695701.0
OR,2022,2,MCOU,15448,7538,15448,4742977.4
OR,2022,3,FFSU,8414,5312,8414,729983.0
OR,2022,3,MCOU,15386,7519,15386,4593435.0
OR,2022,4,FFSU,8355,5332,8355,654987.0
OR,2022,4,MCOU,15674,7604,15674,4776511.2
OR,2023,1,FFSU,8934,5644,8934,717137.5
OR,2023,1,MCOU,16070,7935,16070,5244068.7
OR,2023,2,FFSU,8780,5524,8780,709867.0
OR,2023,2,MCOU,16028,7911,16028,5305053.9
OR,2023,3,FFSU,8518,5439,8518,636142.0
OR,2023,3,MCOU,15816,7909,15816,4996400.1
OR,2023,4,FFSU,8563,5480,8563,678222.0
OR,2023,4,MCOU,16149,7991,16149,5031995.5
OR,2024,1,FFSU,8930,5714,8930,718936.0
OR,2024,1,MCOU,16485,8225,16485,5827669.9
OR,2024,2,FFSU,8803,5626,8803,722975.0
OR,2024,2,MCOU,16501,8240,16501,5951700.7
OR,2024,3,FFSU,8446,5484,8446,677904.0
OR,2024,3,MCOU,16263,8104,16263,5235140.5
OR,2024,4,FFSU,8134,5199,8134,682748.0
OR,2024,4,MCOU,15888,7623,15888,4615440.0
OR,2025,1,FFSU,8491,5408,8491,717639.0
OR,2025,1,MCOU,15882,7556,15882,4672493.8
OR,2025,2,FFSU,8342,5391,8342,669003.0
OR,2025,2,MCOU,16119,7705,16119,4323700.0
OR,2025,3,FFSU,8189,5294,8189,652875.0
OR,2025,3,MCOU,16034,7609,16034,4100077.0
OR,2025,4,FFSU,8102,5215,8102,641774.0
OR,2025,4,MCOU,15952,7571,15952,3917518.0
OR,2026,1,FFSU,8806,5636,8806,657107.0
OR,2026,1,MCOU,15138,7498,15138,1740032.0
PA,2018,1,FFSU,11000,6586,11000,521259.0
PA,2018,1,MCOU,22545,7818,22545,15002047.72
PA,2018,2,FFSU,10786,6536,10786,469237.0
PA,2018,2,MCOU,22771,7916,22771,14901386.32
PA,2018,3,FFSU,10777,6572,10777,496131.2
PA,2018,3,MCOU,22742,7958,22742,14050704.620000001
PA,2018,4,FFSU,10791,6531,10791,502428.0
PA,2018,4,MCOU,22869,8125,22869,14137487.16
PA,2019,1,FFSU,10597,6763,10597,329872.2
PA,2019,1,MCOU,23181,8088,23181,15288810.2
PA,2019,2,FFSU,10009,6448,10009,335586.8
PA,2019,2,MCOU,23139,8173,23139,15160939.6
PA,2019,3,FFSU,9634,6182,9634,340033.2
PA,2019,3,MCOU,23089,8179,23089,13943469.0
PA,2019,4,FFSU,9878,6282,9878,344934.0
PA,2019,4,MCOU,23210,8321,23210,13931350.8
PA,2020,1,FFSU,9308,6502,9308,180861.0
PA,2020,1,MCOU,23555,8675,23555,14603986.8
PA,2020,2,FFSU,9110,6225,9110,194344.0
PA,2020,2,MCOU,22768,8326,22768,11535215.8
PA,2020,3,FFSU,8508,6096,8508,144631.0
PA,2020,3,MCOU,22914,8234,22914,14394830.6
PA,2020,4,FFSU,8452,6102,8452,189480.0
PA,2020,4,MCOU,23019,8288,23019,14941045.8
PA,2021,1,FFSU,8529,6211,8529,137551.0
PA,2021,1,MCOU,23512,8598,23512,14324196.0
PA,2021,2,FFSU,8533,6192,8533,147198.0
PA,2021,2,MCOU,23652,8590,23652,13958153.0
PA,2021,3,FFSU,8641,6265,8641,149717.0
PA,2021,3,MCOU,23550,8424,23550,14110453.6
PA,2021,4,FFSU,8623,6211,8623,194855.0
PA,2021,4,MCOU,23636,8538,23636,15164472.0
PA,2022,1,FFSU,8678,6239,8678,196241.0
PA,2022,1,MCOU,23892,8571,23892,17082007.8
PA,2022,2,FFSU,8709,6319,8709,234244.0
PA,2022,2,MCOU,24400,8898,24400,17610823.4
PA,2022,3,FFSU,8578,6250,8578,197762.0
PA,2022,3,MCOU,24507,9039,24507,18463859.0
PA,2022,4,FFSU,8775,6359,8775,187184.0
PA,2022,4,MCOU,24620,9137,24620,18388083.2
PA,2023,1,FFSU,8889,6428,8889,211815.0
PA,2023,1,MCOU,25042,9121,25042,19209859.000000004
PA,2023,2,FFSU,8919,6472,8919,232961.0
PA,2023,2,MCOU,25357,9293,25357,17612398.6
PA,2023,3,FFSU,8662,6347,8662,134548.0
PA,2023,3,MCOU,25058,9174,25058,16687105.4
PA,2023,4,FFSU,8605,6361,8605,178771.0
PA,2023,4,MCOU,25149,9369,25149,16343638.3
PA,2024,1,FFSU,8633,6383,8633,133862.0
PA,2024,1,MCOU,25317,9450,25317,16744554.199999997
PA,2024,2,FFSU,8523,6374,8523,123535.0
PA,2024,2,MCOU,25257,9539,25257,15705927.9
PA,2024,3,FFSU,8389,6271,8389,116205.0
PA,2024,3,MCOU,25053,9530,25053,13832546.0
PA,2024,4,FFSU,8468,6191,8468,129199.0
PA,2024,4,MCOU,24922,9368,24922,12408092.799999999
PA,2025,1,FFSU,8313,6235,8313,110559.0
PA,2025,1,MCOU,25145,9552,25145,12839708.1
PA,2025,2,FFSU,8580,6386,8580,123685.0
PA,2025,2,MCOU,25210,9564,25210,11584868.4
PA,2025,3,FFSU,8241,6219,8241,114551.0
PA,2025,3,MCOU,25062,9524,25062,10907676.2
PA,2025,4,FFSU,8347,6242,8347,123737.0
PA,2025,4,MCOU,24801,9373,24801,10782061.8
PA,2026,1,FFSU,8188,6203,8188,104821.0
PA,2026,1,MCOU,22972,9657,22972,5238924.0
PR,2023,1,MCOU,10975,4442,10975,3777292.0
PR,2023,2,MCOU,10877,4469,10877,3660608.0
PR,2023,3,MCOU,10631,4314,10631,3602034.2
PR,2023,4,MCOU,10690,4276,10690,3632174.9
PR,2024,1,MCOU,10765,4408,10765,3588189.0
PR,2024,2,MCOU,10953,4488,10953,3741808.36
PR,2024,3,MCOU,11002,4553,11002,3645605.0
PR,2024,4,MCOU,11198,4614,11198,3402251.0
PR,2025,1,MCOU,11327,4693,11327,3700205.0
PR,2025,2,MCOU,11330,4759,11330,3703432.6
PR,2025,3,MCOU,11319,4741,11319,3721167.0
PR,2025,4,MCOU,10997,4563,10997,3786036.0
PR,2026,1,MCOU,10783,4595,10783,3453006.0
RI,2018,1,FFSU,4603,3812,4603,31090.2
RI,2018,1,MCOU,10783,5812,10783,958733.4
RI,2018,2,FFSU,4462,3691,4462,29877.4
RI,2018,2,MCOU,10717,5910,10717,966263.6
RI,2018,3,FFSU,4198,3509,4198,26725.0
RI,2018,3,MCOU,10575,5803,10575,934039.6
RI,2018,4,FFSU,4650,3761,4650,35191.6
RI,2018,4,MCOU,10654,5947,10654,963061.2
RI,2019,1,FFSU,4903,3959,4903,36924.4
RI,2019,1,MCOU,10544,5955,10544,913473.8
RI,2019,2,FFSU,4753,3831,4753,38062.4
RI,2019,2,MCOU,10449,5941,10449,927843.0
RI,2019,3,FFSU,4476,3588,4476,35555.6
RI,2019,3,MCOU,10080,5722,10080,833621.4
RI,2019,4,FFSU,4345,3457,4345,35788.6
RI,2019,4,MCOU,10053,5793,10053,781949.2
RI,2020,1,FFSU,4487,3523,4487,36104.0
RI,2020,1,MCOU,10443,5974,10443,887602.0
RI,2020,2,FFSU,4303,3402,4303,32159.2
RI,2020,2,MCOU,10101,5681,10101,824811.0
RI,2020,3,FFSU,4063,3250,4063,28717.0
RI,2020,3,MCOU,10270,5767,10270,850100.0
RI,2020,4,FFSU,3978,3149,3978,30561.2
RI,2020,4,MCOU,10418,5878,10418,861239.0
RI,2021,1,FFSU,3919,3194,3919,27389.8
RI,2021,1,MCOU,10738,6012,10738,911667.0
RI,2021,2,FFSU,3896,3107,3896,31516.8
RI,2021,2,MCOU,10691,6266,10691,757331.0
RI,2021,3,FFSU,3965,3147,3965,32118.6
RI,2021,3,MCOU,10743,5890,10743,966363.0
RI,2021,4,FFSU,3857,3132,3857,25390.4
RI,2021,4,MCOU,10806,5913,10806,1022450.0
RI,2022,1,FFSU,3971,3295,3971,23920.0
RI,2022,1,MCOU,11224,6217,11224,1033839.0
RI,2022,2,FFSU,4262,3453,4262,30620.6
RI,2022,2,MCOU,11366,6198,11366,1090112.0
RI,2022,3,FFSU,4019,3311,4019,25345.0
RI,2022,3,MCOU,11487,6308,11487,1110161.8
RI,2022,4,FFSU,4067,3346,4067,26424.0
RI,2022,4,MCOU,11542,6308,11542,1160680.0
RI,2023,1,FFSU,4294,3536,4294,26587.0
RI,2023,1,MCOU,11756,6447,11756,1510852.8
RI,2023,2,FFSU,4335,3580,4335,28071.0
RI,2023,2,MCOU,11757,6541,11757,1576390.0
RI,2023,3,FFSU,4291,3521,4291,37314.0
RI,2023,3,MCOU,11640,6441,11640,1446245.0
RI,2023,4,FFSU,4336,3554,4336,38150.0
RI,2023,4,MCOU,11481,6294,11481,1367180.0
RI,2024,1,FFSU,4564,3806,4564,32165.0
RI,2024,1,MCOU,11573,6429,11573,1365494.0
RI,2024,2,FFSU,4570,3751,4570,34767.0
RI,2024,2,MCOU,11480,6387,11480,1209192.2
RI,2024,3,FFSU,4522,3743,4522,33058.0
RI,2024,3,MCOU,11444,6274,11444,1079040.0
RI,2024,4,FFSU,4538,3758,4538,33834.0
RI,2024,4,MCOU,11205,6143,11205,977961.0
RI,2025,1,FFSU,4735,3938,4735,34887.0
RI,2025,1,MCOU,11165,6042,11165,1165866.0
RI,2025,2,FFSU,4707,3911,4707,37963.0
RI,2025,2,MCOU,11234,6095,11234,1123712.0
RI,2025,3,FFSU,4690,3869,4690,36987.0
RI,2025,3,MCOU,11172,6149,11172,959180.0
RI,2025,4,FFSU,4649,3841,4649,35726.0
RI,2025,4,MCOU,11361,6281,11361,942583.0
RI,2026,1,FFSU,5004,4112,5004,33876.0
RI,2026,1,MCOU,11042,6123,11042,739325.0
SC,2018,1,FFSU,11063,6890,11063,279278.0
SC,2018,1,MCOU,14749,7319,14749,1559719.0
SC,2018,2,FFSU,11165,6972,11165,280845.0
SC,2018,2,MCOU,14750,7536,14750,1353408.0
SC,2018,3,FFSU,11026,6857,11026,273403.0
SC,2018,3,MCOU,14630,7553,14630,1272074.0
SC,2018,4,FFSU,10957,6781,10957,274064.0
SC,2018,4,MCOU,14849,7644,14849,1413295.0
SC,2019,1,FFSU,11073,6841,11073,276195.0
SC,2019,1,MCOU,14984,7851,14984,1412420.0
SC,2019,2,FFSU,10863,6744,10863,265925.5
SC,2019,2,MCOU,14619,7795,14619,1253379.0
SC,2019,3,FFSU,11033,6970,11033,261838.0
SC,2019,3,MCOU,14789,7822,14789,1269348.0
SC,2019,4,FFSU,11122,7011,11122,271995.0
SC,2019,4,MCOU,15457,8022,15457,1582937.0
SC,2020,1,FFSU,10866,6761,10866,273332.0
SC,2020,1,MCOU,15542,7972,15542,1625576.5
SC,2020,2,FFSU,10523,6596,10523,247704.5
SC,2020,2,MCOU,15105,7785,15105,1276013.0
SC,2020,3,FFSU,10415,6620,10415,237817.2
SC,2020,3,MCOU,15088,7680,15088,1392279.5
SC,2020,4,FFSU,10453,6552,10453,244517.5
SC,2020,4,MCOU,14962,7735,14962,1265934.5
SC,2021,1,FFSU,10618,6735,10618,240019.5
SC,2021,1,MCOU,15072,7934,15072,1248026.0
SC,2021,2,FFSU,10480,6609,10480,242484.0
SC,2021,2,MCOU,15301,7823,15301,1480245.0
SC,2021,3,FFSU,10450,6625,10450,236267.5
SC,2021,3,MCOU,15554,7955,15554,1499968.0
SC,2021,4,FFSU,10649,6561,10649,260515.0
SC,2021,4,MCOU,15601,7997,15601,1525668.0
SC,2022,1,FFSU,10440,6713,10440,216375.0
SC,2022,1,MCOU,15736,8129,15736,1415509.0
SC,2022,2,FFSU,10751,6821,10751,244256.0
SC,2022,2,MCOU,15758,8067,15758,1499423.0
SC,2022,3,FFSU,10972,6799,10972,259138.0
SC,2022,3,MCOU,15873,8113,15873,1580183.0
SC,2022,4,FFSU,10907,6881,10907,243030.0
SC,2022,4,MCOU,16050,8054,16050,1778444.0
SC,2023,1,FFSU,11308,7151,11308,250238.0
SC,2023,1,MCOU,16453,8417,16453,1766206.0
SC,2023,2,FFSU,11292,7057,11292,257377.0
SC,2023,2,MCOU,16136,8292,16136,1673613.0
SC,2023,3,FFSU,11163,6953,11163,254312.0
SC,2023,3,MCOU,15794,8054,15794,1571090.0
SC,2023,4,FFSU,11396,7094,11396,266136.0
SC,2023,4,MCOU,15827,8158,15827,1635233.0
SC,2024,1,FFSU,11258,7055,11258,262952.0
SC,2024,1,MCOU,16026,8231,16026,1652521.0
SC,2024,2,FFSU,11029,6860,11029,271870.0
SC,2024,2,MCOU,15549,8017,15549,1490274.0
SC,2024,3,FFSU,10917,6778,10917,270873.0
SC,2024,3,MCOU,15663,7930,15663,1567014.0
SC,2024,4,FFSU,10774,6540,10774,277958.0
SC,2024,4,MCOU,15512,7793,15512,1653570.0
SC,2025,1,FFSU,11035,6700,11035,284337.0
SC,2025,1,MCOU,15306,7764,15306,1647613.0
SC,2025,2,FFSU,10940,6547,10940,285584.0
SC,2025,2,MCOU,15282,7749,15282,1525464.0
SC,2025,3,FFSU,10810,6479,10810,279804.0
SC,2025,3,MCOU,15381,8109,15381,1499658.0
SC,2025,4,FFSU,10790,6461,10790,280822.0
SC,2025,4,MCOU,16595,9003,16595,1566361.0
SC,2026,1,FFSU,10408,6565,10408,230180.0
SC,2026,1,MCOU,15740,7944,15740,1638788.0
SD,2018,1,FFSU,10508,6922,10508,325054.2
SD,2018,2,FFSU,10585,7073,10585,357068.0
SD,2018,3,FFSU,10455,7012,10455,321807.2
SD,2018,4,FFSU,10464,6976,10464,295547.8
SD,2019,1,FFSU,10646,7042,10646,321659.8
SD,2019,2,FFSU,10561,7012,10561,330256.2
SD,2019,3,FFSU,10506,7052,10506,288391.8
SD,2019,4,FFSU,10476,6955,10476,283212.0
SD,2020,1,FFSU,10434,6920,10434,312465.0
SD,2020,2,FFSU,10290,6909,10290,262609.0
SD,2020,3,FFSU,10687,7088,10687,291239.2
SD,2020,4,FFSU,10517,7077,10517,417202.6
SD,2021,1,FFSU,10972,7282,10972,453326.6
SD,2021,2,FFSU,11138,7354,11138,420613.6
SD,2021,3,FFSU,11193,7377,11193,454521.6
SD,2021,4,FFSU,11244,7362,11244,525165.4
SD,2022,1,FFSU,11362,7407,11362,517402.2
SD,2022,2,FFSU,11386,7423,11386,465309.2
SD,2022,3,FFSU,11676,7692,11676,552222.6
SD,2022,4,FFSU,11240,7368,11240,480623.0
SD,2023,1,FFSU,11543,7607,11543,441977.0
SD,2023,2,FFSU,11239,7515,11239,441503.0
SD,2023,3,FFSU,11259,7505,11259,510942.2
SD,2023,4,FFSU,11609,7636,11609,616637.0
SD,2024,1,FFSU,12403,8035,12403,699120.6
SD,2024,2,FFSU,12640,7996,12640,728653.4
SD,2024,3,FFSU,12607,7915,12607,771070.6
SD,2024,4,FFSU,12683,7809,12683,591478.6
SD,2025,1,FFSU,12839,7930,12839,671778.1
SD,2025,2,FFSU,12851,7996,12851,643092.5
SD,2025,3,FFSU,12784,8001,12784,571872.6
SD,2025,4,FFSU,12618,7801,12618,634035.4
SD,2026,1,FFSU,12762,8090,12762,310826.0
TN,2018,1,FFSU,14855,5998,14855,3462566.0
TN,2018,1,MCOU,5047,3170,5047,331491.6
TN,2018,2,FFSU,14901,6088,14901,3104303.0
TN,2018,2,MCOU,5028,3164,5028,317549.2
TN,2018,3,FFSU,14921,6245,14921,2996068.0
TN,2018,3,MCOU,5057,3186,5057,307591.2
TN,2018,4,FFSU,15020,6242,15020,3136266.0
TN,2018,4,MCOU,5181,3272,5181,314779.04
TN,2019,1,FFSU,15319,6317,15319,3339896.6
TN,2019,1,MCOU,5328,3410,5328,337431.8
TN,2019,2,FFSU,15148,6280,15148,3134257.4
TN,2019,2,MCOU,5334,3339,5334,367858.0
TN,2019,3,FFSU,15188,6358,15188,3318742.2
TN,2019,3,MCOU,5431,3351,5431,407141.4
TN,2019,4,FFSU,15320,6388,15320,3775701.2
TN,2019,4,MCOU,6622,4210,6622,398245.4
TN,2020,1,FFSU,16606,7134,16606,3661962.4
TN,2020,1,MCOU,6611,4177,6611,377020.0
TN,2020,2,FFSU,16480,7105,16480,3283116.6
TN,2020,2,MCOU,5888,3821,5888,284336.0
TN,2020,3,FFSU,16351,6951,16351,3247047.0
TN,2020,3,MCOU,5985,3920,5985,383281.6
TN,2020,4,FFSU,16488,6949,16488,3369656.2
TN,2020,4,MCOU,5273,3429,5273,367261.4
TN,2021,1,FFSU,16739,7117,16739,3334983.2
TN,2021,1,MCOU,5303,3441,5303,344772.0
TN,2021,2,FFSU,16899,7061,16899,3595543.0
TN,2021,2,MCOU,5555,3546,5555,409382.4
TN,2021,3,FFSU,17002,7232,17002,3582206.8
TN,2021,3,MCOU,5457,3559,5457,389356.6
TN,2021,4,FFSU,17279,7160,17279,4002744.2
TN,2021,4,MCOU,5634,3637,5634,396330.6
TN,2022,1,FFSU,17092,7368,17092,3430253.6
TN,2022,1,MCOU,5941,3817,5941,412592.0
TN,2022,2,FFSU,17266,7246,17266,3903650.4
TN,2022,2,MCOU,6138,3885,6138,449544.8
TN,2022,3,FFSU,17381,7146,17381,4251666.4
TN,2022,3,MCOU,6044,3829,6044,443179.4
TN,2022,4,FFSU,17322,7212,17322,4207337.0
TN,2022,4,MCOU,6102,3906,6102,451798.00000000006
TN,2023,1,FFSU,17528,7310,17528,4131829.2
TN,2023,1,MCOU,6262,4015,6262,464095.6
TN,2023,2,FFSU,17697,7457,17697,4013423.6
TN,2023,2,MCOU,6664,4282,6664,476202.39999999997
TN,2023,3,FFSU,17625,7535,17625,3853235.0
TN,2023,3,MCOU,6590,4262,6590,458757.19999999995
TN,2023,4,FFSU,17834,7689,17834,3942196.3000000003
TN,2023,4,MCOU,6388,4106,6388,461595.8
TN,2024,1,FFSU,17448,7633,17448,3468152.885
TN,2024,1,MCOU,6506,4209,6506,444779.8
TN,2024,2,FFSU,16870,7223,16870,3270089.76
TN,2024,2,MCOU,6101,3960,6101,411612.2
TN,2024,3,FFSU,16710,7180,16710,3068301.0
TN,2024,3,MCOU,6143,3951,6143,420341.0
TN,2024,4,FFSU,17026,7296,17026,3228625.6
TN,2024,4,MCOU,6998,4478,6998,455065.0
TN,2025,1,FFSU,16659,7123,16659,3097544.4
TN,2025,1,MCOU,6433,4058,6433,432606.8
TN,2025,2,FFSU,16739,7160,16739,3067569.3
TN,2025,2,MCOU,6358,4022,6358,410733.2
TN,2025,3,FFSU,16689,7072,16689,2964678.4
TN,2025,3,MCOU,6305,4011,6305,382449.2
TN,2025,4,FFSU,17120,7281,17120,3093706.2
TN,2025,4,MCOU,5971,3822,5971,375496.2
TN,2026,1,FFSU,16979,7160,16979,2721329.0
TN,2026,1,MCOU,4858,3238,4858,231525.0
TX,2018,1,FFSU,9434,6359,9434,246080.85
TX,2018,1,MCOU,18455,6045,18455,12034764.84
TX,2018,2,FFSU,9640,6598,9640,235715.2
TX,2018,2,MCOU,18617,6065,18617,10790709.96
TX,2018,3,FFSU,9375,6515,9375,208769.0
TX,2018,3,MCOU,18492,6077,18492,10485175.425
TX,2018,4,FFSU,9431,6424,9431,252968.0
TX,2018,4,MCOU,18506,6128,18506,11109348.25
TX,2019,1,FFSU,9017,6324,9017,214986.0
TX,2019,1,MCOU,18467,6256,18467,11122528.11
TX,2019,2,FFSU,9025,6315,9025,219610.0
TX,2019,2,MCOU,18525,6206,18525,9703383.53
TX,2019,3,FFSU,9237,6368,9237,221812.0
TX,2019,3,MCOU,18523,6223,18523,9598605.423
TX,2019,4,FFSU,8686,6112,8686,2662531.0
TX,2019,4,MCOU,18534,6288,18534,10514163.99
TX,2020,1,FFSU,9154,6360,9154,237945.0
TX,2020,1,MCOU,18691,6235,18691,10107374.91
TX,2020,2,FFSU,8830,6205,8830,204390.0
TX,2020,2,MCOU,18492,6286,18492,7777867.1
TX,2020,3,FFSU,8223,5937,8223,176181.0
TX,2020,3,MCOU,18654,6241,18654,7550512.12
TX,2020,4,FFSU,8253,5946,8253,183993.0
TX,2020,4,MCOU,18741,6313,18741,7446911.55
TX,2021,1,FFSU,8046,5907,8046,153759.0
TX,2021,1,MCOU,19038,6497,19038,7763218.239999999
TX,2021,2,FFSU,8247,6041,8247,166449.0
TX,2021,2,MCOU,19220,6517,19220,9048188.425999999
TX,2021,3,FFSU,8138,5977,8138,156815.0
TX,2021,3,MCOU,19394,6597,19394,9593450.564
TX,2021,4,FFSU,8133,5992,8133,175139.0
TX,2021,4,MCOU,19529,6517,19529,10247125.936
TX,2022,1,FFSU,7920,5949,7920,124922.0
TX,2022,1,MCOU,19670,6609,19670,10374647.559
TX,2022,2,FFSU,7690,5833,7690,120211.0
TX,2022,2,MCOU,19810,6644,19810,10454682.122000001
TX,2022,3,FFSU,7317,5542,7317,112167.0
TX,2022,3,MCOU,19926,6736,19926,10203480.621
TX,2022,4,FFSU,7423,5581,7423,117403.0
TX,2022,4,MCOU,20048,6750,20048,11854649.16
TX,2023,1,FFSU,7197,5529,7197,101185.0
TX,2023,1,MCOU,20359,6882,20359,11261956.120000001
TX,2023,2,FFSU,6993,5348,6993,97470.0
TX,2023,2,MCOU,20283,6921,20283,10460113.620000001
TX,2023,3,FFSU,6988,5363,6988,90270.0
TX,2023,3,MCOU,20436,7123,20436,9268174.5
TX,2023,4,FFSU,7375,5581,7375,104921.0
TX,2023,4,MCOU,20205,7215,20205,9566959.5
TX,2024,1,FFSU,7671,5823,7671,107589.0
TX,2024,1,MCOU,20602,7679,20602,8106669.595000001
TX,2024,2,FFSU,7082,5478,7082,86247.0
TX,2024,2,MCOU,20158,7496,20158,7804904.114999999
TX,2024,3,FFSU,7674,5781,7674,108690.35
TX,2024,3,MCOU,20342,7564,20342,7363175.11
TX,2024,4,FFSU,7805,5856,7805,120944.76000000001
TX,2024,4,MCOU,20565,7583,20565,8150930.505
TX,2025,1,FFSU,7789,5903,7789,110615.98000000001
TX,2025,1,MCOU,20605,7691,20605,7642326.3780000005
TX,2025,2,FFSU,7878,5984,7878,116625.73999999999
TX,2025,2,MCOU,20850,7707,20850,7079630.449
TX,2025,3,FFSU,8065,6195,8065,114859.46
TX,2025,3,MCOU,20932,7737,20932,6933823.85
TX,2025,4,FFSU,7951,6043,7951,156035.0
TX,2025,4,MCOU,21041,7856,21041,7397393.4
TX,2026,1,FFSU,7994,6119,7994,100123.0
TX,2026,1,MCOU,20956,7887,20956,6535904.0
UT,2018,1,FFSU,8586,5062,8586,290414.0
UT,2018,1,MCOU,9193,5414,9193,409082.0
UT,2018,2,FFSU,8622,5077,8622,291227.0
UT,2018,2,MCOU,9202,5509,9202,377976.0
UT,2018,3,FFSU,8692,5186,8692,286666.0
UT,2018,3,MCOU,9201,5489,9201,415708.0
UT,2018,4,FFSU,8752,5209,8752,298379.0
UT,2018,4,MCOU,9329,5593,9329,366071.0
UT,2019,1,FFSU,9029,5358,9029,312328.0
UT,2019,1,MCOU,9504,5641,9504,462211.0
UT,2019,2,FFSU,9265,5522,9265,375923.0
UT,2019,2,MCOU,9509,5615,9509,469033.0
UT,2019,3,FFSU,9473,5656,9473,380260.0
UT,2019,3,MCOU,9065,5327,9065,416569.0
UT,2019,4,FFSU,9623,5699,9623,431340.0
UT,2019,4,MCOU,9089,5437,9089,404481.0
UT,2020,1,FFSU,9246,5615,9246,317492.0
UT,2020,1,MCOU,9915,5581,9915,653924.0
UT,2020,2,FFSU,9191,5663,9191,317666.0
UT,2020,2,MCOU,9749,5390,9749,597576.0
UT,2020,3,FFSU,9162,5601,9162,335013.0
UT,2020,3,MCOU,9878,5586,9878,656760.0
UT,2020,4,FFSU,9327,5498,9327,378368.0
UT,2020,4,MCOU,9873,5597,9873,718450.0
UT,2021,1,FFSU,9381,5674,9381,390862.0
UT,2021,1,MCOU,10265,5816,10265,754814.0
UT,2021,2,FFSU,9530,5646,9530,382918.0
UT,2021,2,MCOU,10439,5858,10439,721968.8
UT,2021,3,FFSU,9510,5668,9510,422992.0
UT,2021,3,MCOU,10737,6028,10737,859330.4
UT,2021,4,FFSU,9585,5690,9585,382007.0
UT,2021,4,MCOU,10546,5927,10546,837394.0
UT,2022,1,FFSU,9736,5807,9736,391911.0
UT,2022,1,MCOU,10616,5901,10616,838834.0
UT,2022,2,FFSU,9872,6006,9872,457622.0
UT,2022,2,MCOU,10499,5801,10499,922894.0
UT,2022,3,FFSU,9790,5915,9790,405220.0
UT,2022,3,MCOU,10585,5848,10585,849194.0
UT,2022,4,FFSU,10074,6007,10074,479632.0
UT,2022,4,MCOU,10863,6026,10863,871727.4
UT,2023,1,FFSU,9527,6151,9527,294484.0
UT,2023,1,MCOU,11049,6231,11049,944553.6
UT,2023,2,FFSU,10814,6413,10814,516927.0
UT,2023,2,MCOU,10820,6034,10820,944414.0
UT,2023,3,FFSU,10950,6780,10950,511425.0
UT,2023,3,MCOU,10043,6060,10043,541362.0
UT,2023,4,FFSU,10423,6415,10423,474880.0
UT,2023,4,MCOU,9103,5521,9103,420961.0
UT,2024,1,FFSU,10992,6959,10992,425820.0
UT,2024,1,MCOU,10754,7068,10754,398784.5
UT,2024,2,FFSU,13255,7775,13255,605558.5
UT,2024,2,MCOU,8656,5571,8656,364030.0
UT,2024,3,FFSU,11979,7331,11979,444485.0
UT,2024,3,MCOU,10347,6030,10347,572804.0
UT,2024,4,FFSU,11021,6954,11021,384174.0
UT,2024,4,MCOU,10561,5975,10561,621020.0
UT,2025,1,FFSU,10865,6692,10865,405140.0
UT,2025,1,MCOU,10642,6012,10642,697870.0
UT,2025,2,FFSU,10473,6487,10473,392210.5
UT,2025,2,MCOU,10462,5910,10462,636141.0
UT,2025,3,FFSU,10499,6486,10499,393086.0
UT,2025,3,MCOU,10343,5863,10343,683965.0
UT,2025,4,FFSU,10525,6431,10525,405802.0
UT,2025,4,MCOU,10458,5966,10458,726504.0
UT,2026,1,FFSU,10654,6411,10654,395560.0
UT,2026,1,MCOU,10380,5854,10380,502419.0
VA,2018,1,FFSU,11211,7200,11211,277607.0
VA,2018,1,MCOU,20987,9772,20987,2721249.0
VA,2018,2,FFSU,11102,7319,11102,250839.0
VA,2018,2,MCOU,21180,10270,21180,2573451.0
VA,2018,3,FFSU,11588,7477,11588,298942.0
VA,2018,3,MCOU,21567,10488,21567,2584542.0
VA,2018,4,FFSU,11033,7188,11033,295179.0
VA,2018,4,MCOU,21760,10716,21760,2678149.0
VA,2019,1,FFSU,10172,7452,10172,162336.0
VA,2019,1,MCOU,23735,11296,23735,3710681.0
VA,2019,2,FFSU,10069,7497,10069,145328.0
VA,2019,2,MCOU,25306,11574,25306,4270765.0
VA,2019,3,FFSU,9114,6826,9114,110069.0
VA,2019,3,MCOU,25888,11694,25888,4584674.0
VA,2019,4,FFSU,9152,6768,9152,137818.0
VA,2019,4,MCOU,26105,11807,26105,4883704.0
VA,2020,1,FFSU,9066,6765,9066,116508.0
VA,2020,1,MCOU,26468,11847,26468,5282142.0
VA,2020,2,FFSU,8248,6362,8248,87575.0
VA,2020,2,MCOU,25734,11693,25734,4621000.0
VA,2020,3,FFSU,7740,5974,7740,81949.0
VA,2020,3,MCOU,26214,11884,26214,4823038.0
VA,2020,4,FFSU,7365,5796,7365,72348.0
VA,2020,4,MCOU,26281,11921,26281,4865754.0
VA,2021,1,FFSU,7658,5978,7658,70533.0
VA,2021,1,MCOU,26701,12198,26701,4820616.0
VA,2021,2,FFSU,7219,5767,7219,65163.0
VA,2021,2,MCOU,26657,12067,26657,5049262.0
VA,2021,3,FFSU,7775,6053,7775,77247.0
VA,2021,3,MCOU,26851,12147,26851,5114478.0
VA,2021,4,FFSU,7546,5978,7546,62928.0
VA,2021,4,MCOU,26787,12008,26787,5216393.0
VA,2022,1,FFSU,7229,6000,7229,47679.0
VA,2022,1,MCOU,26959,11943,26959,5440205.0
VA,2022,2,FFSU,7154,5914,7154,45133.0
VA,2022,2,MCOU,27345,11944,27345,5890396.0
VA,2022,3,FFSU,7592,6101,7592,55489.0
VA,2022,3,MCOU,27346,11731,27346,6000066.0
VA,2022,4,FFSU,7427,5948,7427,65210.0
VA,2022,4,MCOU,27406,11845,27406,6142182.0
VA,2023,1,FFSU,6795,5563,6795,42109.0
VA,2023,1,MCOU,27307,11699,27307,6129947.0
VA,2023,2,FFSU,6647,5482,6647,41661.0
VA,2023,2,MCOU,27250,11847,27250,6101174.0
VA,2023,3,FFSU,7649,6166,7649,55788.0
VA,2023,3,MCOU,26734,11670,26734,5862511.0
VA,2023,4,FFSU,7745,6171,7745,59275.0
VA,2023,4,MCOU,26561,11657,26561,5874950.0
VA,2024,1,FFSU,7535,6100,7535,49115.0
VA,2024,1,MCOU,26917,11845,26917,5797774.0
VA,2024,2,FFSU,7744,6239,7744,51771.0
VA,2024,2,MCOU,26510,12146,26510,5526842.0
VA,2024,3,FFSU,7938,6310,7938,61002.0
VA,2024,3,MCOU,26337,12615,26337,5295546.0
VA,2024,4,FFSU,7655,6184,7655,60446.0
VA,2024,4,MCOU,26311,12438,26311,5543760.0
VA,2025,1,FFSU,7743,6221,7743,65032.0
VA,2025,1,MCOU,26398,12822,26398,5397513.0
VA,2025,2,FFSU,8009,6462,8009,67186.0
VA,2025,2,MCOU,25755,12482,25755,4927930.0
VA,2025,3,FFSU,8062,6366,8062,75847.0
VA,2025,3,MCOU,23730,10429,23730,5218337.0
VA,2025,4,FFSU,7679,6183,7679,66370.0
VA,2025,4,MCOU,23575,10185,23575,5249249.0
VA,2026,1,FFSU,7574,6168,7574,55604.0
VA,2026,1,MCOU,22855,10250,22855,4519446.0
VT,2018,1,FFSU,10412,6335,10412,577944.0
VT,2018,1,MCOU,14,14,14,0.0
VT,2018,2,FFSU,10354,6247,10354,595070.0
VT,2018,2,MCOU,40,38,40,33.0
VT,2018,3,FFSU,10407,6401,10407,579684.0
VT,2018,3,MCOU,34,29,34,82.0
VT,2018,4,FFSU,10385,6380,10385,572720.0
VT,2018,4,MCOU,41,35,41,101.0
VT,2019,1,FFSU,10403,6325,10403,600569.0
VT,2019,1,MCOU,370,306,370,2903.0
VT,2019,2,FFSU,10266,6307,10266,582090.0
VT,2019,2,MCOU,382,309,382,2953.0
VT,2019,3,FFSU,10136,6318,10136,604242.0
VT,2019,3,MCOU,350,283,350,2754.0
VT,2019,4,FFSU,10215,6329,10215,520990.8
VT,2019,4,MCOU,359,295,359,3455.0
VT,2020,1,FFSU,10249,6285,10249,601941.0
VT,2020,1,MCOU,429,363,429,2855.0
VT,2020,2,FFSU,10034,6207,10034,462637.0
VT,2020,2,MCOU,570,477,570,3497.0
VT,2020,3,FFSU,10081,6247,10081,575937.0
VT,2020,3,MCOU,601,519,601,3228.0
VT,2020,4,FFSU,10196,6271,10196,601989.0
VT,2020,4,MCOU,423,350,423,3023.0
VT,2021,1,FFSU,10460,6411,10460,618538.0
VT,2021,1,MCOU,409,333,409,3329.0
VT,2021,2,FFSU,10448,6316,10448,628136.0
VT,2021,2,MCOU,483,390,483,3550.0
VT,2021,3,FFSU,10506,6370,10506,582794.0
VT,2021,3,MCOU,464,378,464,3330.0
VT,2021,4,FFSU,10666,6353,10666,639670.0
VT,2021,4,MCOU,508,425,508,3073.0
VT,2022,1,FFSU,10577,6496,10577,500045.0
VT,2022,1,MCOU,561,465,561,3822.0
VT,2022,2,FFSU,10859,6523,10859,562712.0
VT,2022,2,MCOU,604,489,604,4286.0
VT,2022,3,FFSU,10928,6507,10928,645669.0
VT,2022,3,MCOU,609,483,609,4428.0
VT,2022,4,FFSU,10933,6587,10933,556441.0
VT,2022,4,MCOU,564,447,564,3958.0
VT,2023,1,FFSU,11077,6697,11077,621251.0
VT,2023,1,MCOU,607,475,607,5292.0
VT,2023,2,FFSU,11062,6651,11062,659293.0
VT,2023,2,MCOU,692,552,692,6211.0
VT,2023,3,FFSU,10763,6524,10763,565014.0
VT,2023,3,MCOU,677,543,677,4911.0
VT,2023,4,FFSU,10730,6488,10730,507078.0
VT,2023,4,MCOU,643,527,643,4281.0
VT,2024,1,FFSU,9858,6571,9858,255736.0
VT,2024,1,MCOU,674,545,674,5301.0
VT,2024,2,FFSU,11905,6842,11905,603324.0
VT,2024,2,MCOU,751,628,751,4987.0
VT,2024,3,FFSU,11172,6911,11172,412030.0
VT,2024,3,MCOU,908,755,908,6553.0
VT,2024,4,FFSU,10896,6648,10896,384348.0
VT,2024,4,MCOU,968,800,968,6459.0
VT,2025,1,FFSU,10942,6705,10942,386110.0
VT,2025,1,MCOU,919,726,919,7398.0
VT,2025,2,FFSU,10911,6602,10911,389682.0
VT,2025,2,MCOU,1120,853,1120,14532.0
VT,2025,3,FFSU,10704,6587,10704,356051.0
VT,2025,3,MCOU,1202,887,1202,21703.0
VT,2025,4,FFSU,10703,6569,10703,354139.0
VT,2025,4,MCOU,1140,825,1140,20376.0
VT,2026,1,FFSU,11018,6660,11018,355582.0
WA,2018,1,FFSU,9165,5727,9165,356671.0
WA,2018,1,MCOU,16546,6601,16546,5971347.4
WA,2018,2,FFSU,9112,5697,9112,401985.2
WA,2018,2,MCOU,16528,6618,16528,6382987.0
WA,2018,3,FFSU,9171,5796,9171,358237.0
WA,2018,3,MCOU,16644,6668,16644,6196115.0
WA,2018,4,FFSU,9145,5840,9145,381415.4
WA,2018,4,MCOU,16936,6874,16936,6409104.0
WA,2019,1,FFSU,9435,6064,9435,407440.0
WA,2019,1,MCOU,16895,6884,16895,6840065.6
WA,2019,2,FFSU,9154,5864,9154,343105.4
WA,2019,2,MCOU,16721,6723,16721,6645449.8
WA,2019,3,FFSU,9210,5889,9210,336770.8
WA,2019,3,MCOU,17042,6814,17042,6831203.0
WA,2019,4,FFSU,9068,5798,9068,393432.2
WA,2019,4,MCOU,16996,6930,16996,6458486.6
WA,2020,1,FFSU,8802,5774,8802,390239.6
WA,2020,1,MCOU,17324,7045,17324,7103333.0
WA,2020,2,FFSU,8552,5771,8552,259314.4
WA,2020,2,MCOU,17155,7055,17155,5426224.600000001
WA,2020,3,FFSU,8427,5666,8427,343591.4
WA,2020,3,MCOU,17165,6869,17165,6846908.0
WA,2020,4,FFSU,8558,5728,8558,366710.8
WA,2020,4,MCOU,17274,6925,17274,8458618.6
WA,2021,1,FFSU,8592,5900,8592,318142.2
WA,2021,1,MCOU,17522,7126,17522,8349719.0
WA,2021,2,FFSU,8659,5885,8659,323217.4
WA,2021,2,MCOU,17654,7153,17654,8131074.800000001
WA,2021,3,FFSU,8719,5866,8719,384549.6
WA,2021,3,MCOU,17632,7166,17632,9075949.6
WA,2021,4,FFSU,8560,5921,8560,316358.2
WA,2021,4,MCOU,17683,7274,17683,9065207.8
WA,2022,1,FFSU,8827,6120,8827,374256.6
WA,2022,1,MCOU,17880,7399,17880,10006849.0
WA,2022,2,FFSU,8826,6055,8826,327025.4
WA,2022,2,MCOU,18044,7401,18044,9688508.2
WA,2022,3,FFSU,8830,6064,8830,387806.0
WA,2022,3,MCOU,17971,7341,17971,9187985.6
WA,2022,4,FFSU,8734,6031,8734,325294.0
WA,2022,4,MCOU,18010,7344,18010,8680641.8
WA,2023,1,FFSU,9018,6241,9018,340613.0
WA,2023,1,MCOU,18325,7534,18325,9626068.0
WA,2023,2,FFSU,8814,6207,8814,308793.0
WA,2023,2,MCOU,18296,7600,18296,9502802.2
WA,2023,3,FFSU,8704,6095,8704,297119.8
WA,2023,3,MCOU,18107,7691,18107,8043630.8
WA,2023,4,FFSU,8441,6021,8441,230141.0
WA,2023,4,MCOU,18160,7743,18160,7510131.0
WA,2024,1,FFSU,8581,6135,8581,304287.0
WA,2024,1,MCOU,18254,7854,18254,8090398.1
WA,2024,2,FFSU,8456,6110,8456,282748.98
WA,2024,2,MCOU,18495,8043,18495,3254649.12
WA,2024,3,FFSU,7975,5880,7975,393820.07
WA,2024,3,MCOU,17962,8004,17962,2977705.62
WA,2024,4,FFSU,8181,5933,8181,275650.39
WA,2024,4,MCOU,17920,7891,17920,3074636.75
WA,2025,1,FFSU,8236,5970,8236,279809.82
WA,2025,1,MCOU,17783,7685,17783,3098407.4699999997
WA,2025,2,FFSU,8070,5991,8070,295895.08999999997
WA,2025,2,MCOU,18002,8138,18002,2753684.06
WA,2025,3,FFSU,8847,6655,8847,297277.07999999996
WA,2025,3,MCOU,18352,8230,18352,2844139.02
WA,2025,4,FFSU,8770,6535,8770,219149.01
WA,2025,4,MCOU,18214,8206,18214,2852187.32
WA,2026,1,FFSU,8244,6026,8244,205986.0
WA,2026,1,MCOU,17379,7442,17379,2929100.0
WI,2018,1,FFSU,16396,6756,16396,3683967.5
WI,2018,1,MCOU,3441,2887,3441,22117.0
WI,2018,2,FFSU,16613,6944,16613,3672924.0
WI,2018,2,MCOU,3491,2942,3491,21726.0
WI,2018,3,FFSU,16558,7008,16558,3483616.0
WI,2018,3,MCOU,3504,2944,3504,22243.0
WI,2018,4,FFSU,16590,6969,16590,3555826.0
WI,2018,4,MCOU,3471,2901,3471,21293.0
WI,2019,1,FFSU,16851,7193,16851,3707198.0
WI,2019,1,MCOU,3617,3042,3617,20594.0
WI,2019,2,FFSU,16694,7150,16694,3641812.9
WI,2019,2,MCOU,3555,2999,3555,18578.0
WI,2019,3,FFSU,16605,7105,16605,3627962.4
WI,2019,3,MCOU,3453,2914,3453,18395.0
WI,2019,4,FFSU,16560,6989,16560,3505188.04
WI,2019,4,MCOU,3547,2974,3547,19561.0
WI,2020,1,FFSU,16864,6940,16864,3973227.2
WI,2020,2,FFSU,16515,6821,16515,3140863.0
WI,2020,3,FFSU,16640,6866,16640,3666444.4
WI,2020,4,FFSU,16680,6917,16680,4401575.2
WI,2021,1,FFSU,17121,7260,17121,4727000.4
WI,2021,2,FFSU,16932,7066,16932,5672323.4
WI,2021,3,FFSU,16941,7026,16941,4931835.3
WI,2021,4,FFSU,17136,7021,17136,5022583.1
WI,2022,1,FFSU,17031,7154,17031,5147637.3
WI,2022,2,FFSU,18171,7444,18171,6158746.6
WI,2022,3,FFSU,17351,7061,17351,6459859.0
WI,2022,4,FFSU,17269,7069,17269,6008101.0
WI,2023,1,FFSU,17809,7127,17809,6729970.0
WI,2023,2,FFSU,17848,7080,17848,6418157.4
WI,2023,3,FFSU,17857,7333,17857,6008303.5
WI,2023,4,FFSU,17751,7236,17751,5629487.5
WI,2024,1,FFSU,17849,7252,17849,5937002.0
WI,2024,2,FFSU,17709,7162,17709,5345245.0
WI,2024,3,FFSU,17693,7270,17693,5022079.6
WI,2024,4,FFSU,17745,7251,17745,4688091.2
WI,2025,1,FFSU,17950,7260,17950,4737029.6
WI,2025,2,FFSU,17797,7203,17797,4297762.0
WI,2025,3,FFSU,17761,7242,17761,4084762.4
WI,2025,4,FFSU,17710,7101,17710,3983795.0
WI,2026,1,FFSU,17827,7000,17827,3140317.0
WV,2018,1,FFSU,15003,6265,15003,2455660.0
WV,2018,1,MCOU,1227,673,1227,544126.167
WV,2018,2,FFSU,15199,6453,15199,2364150.0
WV,2018,2,MCOU,1268,718,1268,511853.616
WV,2018,3,FFSU,14924,6382,14924,2303329.0
WV,2018,3,MCOU,1315,730,1315,721455.0
WV,2018,4,FFSU,15059,6489,15059,2407406.0
WV,2018,4,MCOU,1279,751,1279,452922.0
WV,2019,1,FFSU,15184,6597,15184,2359877.4299999997
WV,2019,1,MCOU,1619,871,1619,591735.0
WV,2019,2,FFSU,15138,6572,15138,2311215.61
WV,2019,2,MCOU,1712,958,1712,614648.0
WV,2019,3,FFSU,15050,6676,15050,2224615.33
WV,2019,3,MCOU,1705,963,1705,558778.0
WV,2019,4,FFSU,15226,6661,15226,2512949.425
WV,2019,4,MCOU,1440,828,1440,523266.0
WV,2020,1,FFSU,15250,6632,15250,2428096.585
WV,2020,1,MCOU,1350,796,1350,376429.0
WV,2020,2,FFSU,15128,6654,15128,2075535.76
WV,2020,2,MCOU,1236,756,1236,238288.0
WV,2020,3,FFSU,15116,6691,15116,2105707.29
WV,2020,3,MCOU,1316,778,1316,453533.0
WV,2020,4,FFSU,15020,6689,15020,2050767.44
WV,2020,4,MCOU,1252,713,1252,537232.0
WV,2021,1,FFSU,15384,6927,15384,2092225.92
WV,2021,1,MCOU,1380,758,1380,575278.0
WV,2021,2,FFSU,15280,6793,15280,2517586.7
WV,2021,2,MCOU,1430,824,1430,445760.0
WV,2021,3,FFSU,15373,6765,15373,2772120.125
WV,2021,3,MCOU,1553,941,1553,430714.0
WV,2021,4,FFSU,15440,6956,15440,2139327.095
WV,2021,4,MCOU,1619,966,1619,420144.0
WV,2022,1,FFSU,15664,7066,15664,2225018.46
WV,2022,1,MCOU,1566,969,1566,480873.0
WV,2022,2,FFSU,15585,6926,15585,2213163.925
WV,2022,2,MCOU,1607,1002,1607,430821.0
WV,2022,3,FFSU,15652,7096,15652,2082673.455
WV,2022,3,MCOU,1576,980,1576,376499.0
WV,2022,4,FFSU,15617,7032,15617,2188063.7649999997
WV,2022,4,MCOU,1815,1227,1815,394488.0
WV,2023,1,FFSU,15971,6867,15971,2595421.0
WV,2023,1,MCOU,1792,1183,1792,277303.85
WV,2023,2,FFSU,15462,7054,15462,1962809.0
WV,2023,2,MCOU,1736,1175,1736,190758.0
WV,2023,3,FFSU,15713,6991,15713,2105606.0
WV,2023,3,MCOU,1570,1059,1570,73288.0
WV,2023,4,FFSU,15688,7093,15688,2056368.0
WV,2023,4,MCOU,1393,905,1393,52400.0
WV,2024,1,FFSU,15682,7278,15682,1873137.8
WV,2024,1,MCOU,1282,834,1282,49246.0
WV,2024,2,FFSU,15394,7173,15394,1796944.0
WV,2024,2,MCOU,1224,767,1224,46643.0
WV,2024,3,FFSU,15381,7096,15381,1875328.0
WV,2024,3,MCOU,1164,704,1164,51343.0
WV,2024,4,FFSU,15770,7093,15770,2133059.0
WV,2024,4,MCOU,1197,751,1197,42983.0
WV,2025,1,FFSU,15171,7303,15171,1601940.0
WV,2025,1,MCOU,1213,794,1213,41389.0
WV,2025,2,FFSU,15595,7193,15595,1870044.0
WV,2025,2,MCOU,1305,847,1305,43444.0
WV,2025,3,FFSU,15795,7283,15795,1919786.0
WV,2025,3,MCOU,1377,858,1377,132048.15
WV,2025,4,FFSU,15608,7356,15608,1778212.0
WV,2025,4,MCOU,1339,827,1339,133059.0
WV,2026,1,FFSU,15699,7343,15699,1838633.0
WV,2026,1,MCOU,1190,836,1190,26741.0
WY,2018,1,FFSU,7744,5278,7744,127431.0
WY,2018,2,FFSU,7652,5258,7652,120155.0
WY,2018,3,FFSU,7488,5171,7488,108273.0
WY,2018,4,FFSU,7523,5236,7523,113970.0
WY,2019,1,FFSU,7757,5438,7757,116125.6
WY,2019,2,FFSU,7628,5423,7628,110369.8
WY,2019,3,FFSU,7680,5465,7680,100537.4
WY,2019,4,FFSU,7708,5448,7708,109020.0
WY,2020,1,FFSU,7855,5525,7855,119880.0
WY,2020,2,FFSU,7578,5467,7578,88370.0
WY,2020,3,FFSU,7785,5557,7785,107349.0
WY,2020,4,FFSU,7945,5675,7945,104413.0
WY,2021,1,FFSU,8106,5802,8106,106187.0
WY,2021,2,FFSU,8242,5855,8242,122927.0
WY,2021,3,FFSU,8230,5816,8230,122743.0
WY,2021,4,FFSU,7905,5532,7905,129947.0
WY,2022,1,FFSU,7970,5512,7970,132437.0
WY,2022,2,FFSU,8027,5574,8027,128182.0
WY,2022,3,FFSU,8151,5651,8151,170436.0
WY,2022,4,FFSU,8349,5782,8349,142521.0
WY,2023,1,FFSU,8477,5867,8477,148590.0
WY,2023,2,FFSU,8495,5891,8495,137749.0
WY,2023,3,FFSU,8249,5806,8249,126789.8
WY,2023,4,FFSU,8276,5821,8276,138836.5
WY,2024,1,FFSU,8422,5956,8422,130145.0
WY,2024,2,FFSU,8575,5995,8575,131819.0
WY,2024,3,FFSU,8163,5794,8163,107253.0
WY,2024,4,FFSU,8005,5639,8005,112350.0
WY,2025,1,FFSU,8182,5731,8182,117792.0
WY,2025,2,FFSU,8265,5754,8265,119271.0
WY,2025,3,FFSU,8097,5738,8097,108750.0
WY,2025,4,FFSU,8077,5993,8077,93866.0
WY,2026,1,FFSU,8352,5661,8352,118312.0
XX,2018,1,FFSU,33412,8437,33412,67139969.86
XX,2018,1,MCOU,37256,8682,37256,179193108.385
XX,2018,2,FFSU,33717,8545,33717,66167633.34899999
XX,2018,2,MCOU,38241,9042,38241,182335113.65
XX,2018,3,FFSU,33661,8563,33661,62854227.114999995
XX,2018,3,MCOU,38325,9010,38325,170761433.06199998
XX,2018,4,FFSU,33953,8621,33953,64541411.67300001
XX,2018,4,MCOU,38696,9216,38696,176602441.44300002
XX,2019,1,FFSU,35336,9940,35336,63435785.547000006
XX,2019,1,MCOU,39240,9493,39240,180351173.43500003
XX,2019,2,FFSU,34247,8965,34247,62735275.75000001
XX,2019,2,MCOU,39749,9688,39749,176281464.934
XX,2019,3,FFSU,34742,9216,34742,61763615.406
XX,2019,3,MCOU,40278,9778,40278,179267006.23799998
XX,2019,4,FFSU,34867,9223,34867,61479940.801
XX,2019,4,MCOU,40499,9823,40499,177744680.9
XX,2020,1,FFSU,34870,9279,34870,62466560.557
XX,2020,1,MCOU,40762,9924,40762,180248956.921
XX,2020,2,FFSU,35516,10210,35516,53293108.247
XX,2020,2,MCOU,40088,9998,40088,147913448.084
XX,2020,3,FFSU,34893,9361,34893,61831555.203999996
XX,2020,3,MCOU,40350,10119,40350,174257257.372
XX,2020,4,FFSU,34786,9418,34786,62677763.49600001
XX,2020,4,MCOU,40618,10148,40618,191783573.698
XX,2021,1,FFSU,35036,9586,35036,62827328.959
XX,2021,1,MCOU,41338,10642,41338,198484459.463
XX,2021,2,FFSU,35170,9509,35170,66548215.091
XX,2021,2,MCOU,41252,10419,41252,203683581.05400002
XX,2021,3,FFSU,35271,9568,35271,65276575.007
XX,2021,3,MCOU,41620,10678,41620,211843468.022
XX,2021,4,FFSU,35191,9274,35191,65579615.993999995
XX,2021,4,MCOU,41486,10506,41486,219651678.98499998
XX,2022,1,FFSU,35739,9274,35739,85313971.553
XX,2022,1,MCOU,41451,10766,41451,206234886.62700003
XX,2022,2,FFSU,37175,9828,37175,98493125.18500002
XX,2022,2,MCOU,42014,10864,42014,217453975.50800002
XX,2022,3,FFSU,37020,9604,37020,108884525.134
XX,2022,3,MCOU,41951,10793,41951,220776681.65100002
XX,2022,4,FFSU,36573,9376,36573,102791543.618
XX,2022,4,MCOU,42185,11000,42185,218509147.108
XX,2023,1,FFSU,39329,11171,39329,106021733.35000001
XX,2023,1,MCOU,42720,10955,42720,231540997.728
XX,2023,2,FFSU,37826,9452,37826,121355700.438
XX,2023,2,MCOU,41794,10714,41794,197089123.43400002
XX,2023,3,FFSU,38295,9782,38295,126143273.04900001
XX,2023,3,MCOU,41534,10705,41534,177459418.107
XX,2023,4,FFSU,38201,9658,38201,118065743.88099998
XX,2023,4,MCOU,41646,10676,41646,170187291.96800002
XX,2024,1,FFSU,38307,9754,38307,116532538.09200002
XX,2024,1,MCOU,41711,10621,41711,182206841.11400002
XX,2024,2,FFSU,38288,9657,38288,111085820.27299997
XX,2024,2,MCOU,41436,10575,41436,173020409.995
XX,2024,3,FFSU,38918,9924,38918,113999853.16099998
XX,2024,3,MCOU,41504,10615,41504,161551418.40600002
XX,2024,4,FFSU,38461,9899,38461,102696803.85599999
XX,2024,4,MCOU,41591,10646,41591,152262989.05
XX,2025,1,FFSU,38638,9978,38638,102424422.112
XX,2025,1,MCOU,41875,10789,41875,155448158.86800003
XX,2025,2,FFSU,38552,9991,38552,96567356.82700002
XX,2025,2,MCOU,41708,10687,41708,150266409.072
XX,2025,3,FFSU,38706,9923,38706,101750056.96000001
XX,2025,3,MCOU,41338,10264,41338,146630489.232
XX,2025,4,FFSU,38571,9831,38571,97919622.51700002
XX,2025,4,MCOU,41221,10303,41221,144653912.94799998
XX,2026,1,FFSU,38661,9931,38661,75231376.0
XX,2026,1,MCOU,40278,10536,40278,89941603.0
